index,dateSold,propertyType,lotAreaValue,address,priceChange,zestimate,imgSrc,price,bedrooms,contingentListingType,longitude,latitude,listingStatus,zpid,rentZestimate,daysOnZillow,bathrooms,livingArea,country,currency,lotAreaUnit,hasImage,variableData.text,variableData.type,listingSubType.is_FSBA,listingSubType.is_openHouse,variableData,unit,cluster,subcluster,residual
0,,SINGLE_FAMILY,5981.0,"49 Messinger St, Mattapan, MA 02126",,699903.0,https://photos.zillowstatic.com/fp/b6058839a54b9a8182e6a358c33c23b1-p_e.jpg,699900,4,,-71.09971,42.27374,FOR_SALE,59138157,3599.0,-1,2,1959,USA,USD,sqft,1.0,Open: Sun. 12-1:30pm,OPEN_HOUSE,1,1.0,,,6.0,1.0,99735.04619953746
1,,CONDO,1060.0,"257 Northampton St #104, Boston, MA 02118",,,https://photos.zillowstatic.com/fp/3f4d62ecffc4197a4181e8c3be3da022-p_e.jpg,338226,1,,-71.08165,42.339527,FOR_SALE,2061732497,,4,1,1060,USA,USD,sqft,1.0,,,1,,,# 104,4.0,1.0,-949110.979062784
2,,TOWNHOUSE,,"5-5B Eileen Cir #11, Jamaica Plain, MA 02130",,,https://photos.zillowstatic.com/fp/36a66b60476418d9fa59abd4bd1be398-p_e.jpg,452113,2,,-71.10989,42.32856,FOR_SALE,2058605348,,8,1,1290,USA,USD,,1.0,,,1,,,# 11,11.0,1.0,-320158.2473503783
3,,CONDO,9999.0,"1306 Columbia Rd APT 5A, South Boston, MA 02127",,850003.0,https://photos.zillowstatic.com/fp/d0c08cd1bede5b003890333fe3f1200c-p_e.jpg,850000,2,,-71.04692,42.33063,FOR_SALE,60112345,3900.0,-1,2,1216,USA,USD,sqft,1.0,Open: Sat. 1:30-2:30pm,OPEN_HOUSE,1,1.0,,Apt 5A,1.0,1.0,-244618.6383515976
4,,SINGLE_FAMILY,6000.0,"119 Warren Ave, Boston, MA 02136",,685112.0,https://photos.zillowstatic.com/fp/56ce92e246518fcba4d46784230a9b38-p_e.jpg,650000,3,,-71.11346,42.248966,FOR_SALE,59127286,3650.0,-1,2,1852,USA,USD,sqft,1.0,Open: Sun. 12:30-2pm,OPEN_HOUSE,1,1.0,,,9.0,1.0,30834.67680068547
5,,CONDO,1997.0,"765 Washington St #2, Dorchester Center, MA 02124",,,https://photos.zillowstatic.com/fp/1eebb20921467345c7a77d39d1c28f10-p_e.jpg,579999,2,,-71.071495,42.28462,FOR_SALE,2058453083,,4,2,1108,USA,USD,sqft,1.0,,,1,,,# 2,7.0,1.0,83016.86503845477
6,,CONDO,1413.0,"8 Whittier Pl APT 18H, Boston, MA 02114",,1089000.0,https://photos.zillowstatic.com/fp/88f937bda8ae5e4590b52f4bc39fe5d3-p_e.jpg,1100000,3,,-71.06735,42.365704,FOR_SALE,59163568,5896.0,-1,2,1413,USA,USD,sqft,1.0,Open: Sat. 12-1:30pm,OPEN_HOUSE,1,1.0,,Apt 18H,5.0,1.0,-313965.98039766774
7,,MULTI_FAMILY,6600.0,"722 Metropolitan Ave, Hyde Park, MA 02136",,1199010.0,https://photos.zillowstatic.com/fp/39b21d19e412312db07350f3165a1c65-p_e.jpg,1199000,9,,-71.11585,42.26126,FOR_SALE,59125983,3713.0,1,3,3360,USA,USD,sqft,1.0,,,1,,,,12.0,1.0,-283141.4916740393
8,,MULTI_FAMILY,9462.0,"885-887 Adams St, Dorchester Center, MA 02124",,,https://photos.zillowstatic.com/fp/09e44aa6a5528026d6d3e60d7b628eaa-p_e.jpg,799000,7,,-71.0591,42.280914,FOR_SALE,2058450957,,-1,2,3242,USA,USD,sqft,1.0,Open: Sat. 12-2pm,OPEN_HOUSE,1,1.0,,,7.0,1.0,-194588.5601480531
9,,SINGLE_FAMILY,6997.0,"3 Ocean St, Dorchester, MA 02124",,1140288.0,https://photos.zillowstatic.com/fp/2bc83f08f429c2cb7e17712c83b8aa97-p_e.jpg,1149000,4,,-71.06663,42.285362,FOR_SALE,59105081,4149.0,-1,3,2816,USA,USD,sqft,1.0,Open: Sat. 11am-12:30pm,OPEN_HOUSE,1,1.0,,,7.0,1.0,254546.55565768853
10,,SINGLE_FAMILY,6360.0,"4 Willow Ter, West Roxbury, MA 02132",,1195001.0,https://photos.zillowstatic.com/fp/d26caeb08e657e0cc02c704a0c7e74dc-p_e.jpg,1195000,4,,-71.15488,42.290245,FOR_SALE,113389091,5617.0,-1,3,2368,USA,USD,sqft,1.0,Open: Sat. 2-4pm,OPEN_HOUSE,1,1.0,,,8.0,1.0,193412.32049358287
11,,CONDO,,"84 Shepton St APT 2, Dorchester, MA 02124",,448564.0,https://photos.zillowstatic.com/fp/26c773cb92780511c5d7e3fa2975cceb-p_e.jpg,445000,2,,-71.05971,42.290398,FOR_SALE,295324955,2552.0,4,1,938,USA,USD,,1.0,,,1,,,Apt 2,7.0,1.0,-12421.173255028669
12,,CONDO,0.0,"106 Forest Hills St #203, Jamaica Plain, MA 02130",,1086097.0,https://photos.zillowstatic.com/fp/534c2e879226c2818f0329059b0aa871-p_e.jpg,1095000,3,,-71.102234,42.308334,FOR_SALE,2066411467,,2,2,1392,USA,USD,sqft,1.0,,,1,,,# 203,11.0,1.0,268692.03068141104
13,,SINGLE_FAMILY,10010.0,"28 Billings St, Boston, MA 02132",,1349011.0,https://photos.zillowstatic.com/fp/e61ba8a2dc683989d315552ba81595f3-p_e.jpg,1349000,5,,-71.17071,42.271896,FOR_SALE,59159677,5746.0,-1,3,3600,USA,USD,sqft,1.0,Open: Sat. 12-1:30pm,OPEN_HOUSE,1,1.0,,,8.0,1.0,-2140.145444957074
15,,MULTI_FAMILY,3324.0,"40 Stellman Rd, Roslindale, MA 02131",,,https://photos.zillowstatic.com/fp/8bdde45b32740aa433893e4fb9af1604-p_e.jpg,1350000,9,,-71.12222,42.289173,FOR_SALE,59145171,4352.0,1,6,2769,USA,USD,sqft,1.0,,,1,,,,12.0,1.0,109427.1891046823
16,,SINGLE_FAMILY,5380.0,"2 Northdale Terrace, Boston, MA 02132",,,https://photos.zillowstatic.com/fp/939471d8a41c35a2c714567f15e1d250-p_e.jpg,1275000,4,,-71.16677,42.268955,FOR_SALE,2094621937,5109.0,-1,3,2550,USA,USD,sqft,1.0,Open: Sat. 11:30am-1:30pm,OPEN_HOUSE,1,1.0,,,8.0,1.0,221773.88802538952
17,,TOWNHOUSE,,"37-38 Monument Ave #1, Charlestown, MA 02129",,,https://photos.zillowstatic.com/fp/f90cefa1cb3b3cacfc5c2d695a5c7868-p_e.jpg,1585000,3,,-71.06186,42.375797,FOR_SALE,2063008948,,-1,2,1587,USA,USD,,1.0,Open: Sun. 12:30-1:45pm,OPEN_HOUSE,1,1.0,,# 1,5.0,1.0,-62101.40534176305
18,,CONDO,,"159 Hyde Park Ave UNIT B, Jamaica Plain, MA 02130",,930550.0,https://photos.zillowstatic.com/fp/ad1acf293c82e1f84c12285b76543ef9-p_e.jpg,929000,3,,-71.1166,42.296055,FOR_SALE,2069683094,3999.0,-1,2,1818,USA,USD,,1.0,Open: Sat. 11am-1pm,OPEN_HOUSE,1,1.0,,Unit B,12.0,1.0,77144.30487551854
19,,TOWNHOUSE,760.0,"660 Massachusetts Ave #3, Boston, MA 02118",,582361.0,https://photos.zillowstatic.com/fp/7f760bb49aa05469fffe785f56cc50cd-p_e.jpg,599000,2,,-71.07614,42.33615,FOR_SALE,59183770,3469.0,169,1,760,USA,USD,sqft,1.0,,,1,,,# 3,4.0,1.0,238378.69226804748
21,,TOWNHOUSE,,"44 High St #7, Boston, MA 02129",,1386189.0,https://photos.zillowstatic.com/fp/412b49e4b853fb0aeb65bd7d4dddee7c-p_e.jpg,1399000,2,,-71.06304,42.376026,FOR_SALE,59101356,4270.0,-1,2,1417,USA,USD,,1.0,Open: Sun. 11am-12:15pm,OPEN_HOUSE,1,1.0,,# 7,5.0,1.0,-20325.415453853784
22,,CONDO,917.0,"103 Gainsborough St APT 108, Boston, MA 02115",,849000.0,https://photos.zillowstatic.com/fp/227ae38966e8b38e821869e49fcafb91-p_e.jpg,849000,2,,-71.08915,42.342644,FOR_SALE,59177600,4200.0,-1,2,917,USA,USD,sqft,1.0,Open: Sat. 12-1:30pm,OPEN_HOUSE,1,1.0,,Apt 108,4.0,1.0,3397.4909382457845
23,,MULTI_FAMILY,3000.0,"909-911 E 2nd St, Boston, MA 02127",,,https://photos.zillowstatic.com/fp/ebf1fa58bd084442e118f42c5202015f-p_e.jpg,1400000,5,,-71.02684,42.33733,FOR_SALE,2061998313,,-1,3,1922,USA,USD,sqft,1.0,Open: Sat. 11am-12:30pm,OPEN_HOUSE,1,1.0,,,1.0,1.0,-814037.7786058439
25,,CONDO,,"515 E 1st St UNIT 7, South Boston, MA 02127",,1312220.0,https://photos.zillowstatic.com/fp/030eaaf51434c71eb7a15f8faa292eed-p_e.jpg,1339000,2,,-71.0391,42.33796,FOR_SALE,295324778,4294.0,-1,2,1421,USA,USD,,1.0,Open: Sun. 12:30-2pm,OPEN_HOUSE,1,1.0,,Unit 7,1.0,1.0,-80662.43970021
26,,CONDO,,"23 Verdun St #1, Dorchester Center, MA 02124",,,https://photos.zillowstatic.com/fp/120f8d0542dfe0f5639a0ebb1efb1daf-p_e.jpg,599000,3,,-71.06003,42.28274,FOR_SALE,2058417009,,-1,2,1115,USA,USD,,1.0,Open: Sat. 10:30-11:30am,OPEN_HOUSE,1,1.0,,# 1,7.0,1.0,100388.88426230411
27,,CONDO,1247.0,"723 E 5th St #2, South Boston, MA 02127",,949003.0,https://photos.zillowstatic.com/fp/e947bb7a46ccb03a0727c3a85a3b6f74-p_e.jpg,949000,2,,-71.03082,42.333862,FOR_SALE,71333603,3742.0,-1,2,1247,USA,USD,sqft,1.0,Open: Sat. 1-2:30pm,OPEN_HOUSE,1,1.0,,# 2,1.0,1.0,-194771.60343358293
29,,MULTI_FAMILY,2633.0,"2 Harvard Ave, Boston, MA 02121",,639906.0,https://photos.zillowstatic.com/fp/472749956e8737813d2799d56418bab7-p_e.jpg,639900,6,,-71.07535,42.299145,FOR_SALE,59110387,2853.0,1,3,2730,USA,USD,sqft,1.0,,,1,,,,7.0,1.0,-234540.2519496032
30,,SINGLE_FAMILY,3913.0,"67 Williams Ave, Hyde Park, MA 02136",,495388.0,https://photos.zillowstatic.com/fp/a8fa2b8deb3b8d26bc4e0e437d2b9116-p_e.jpg,470000,3,,-71.118126,42.248753,FOR_SALE,59127522,2900.0,-1,1,1554,USA,USD,sqft,1.0,Open: Sat. 11am-1pm,OPEN_HOUSE,1,1.0,,,9.0,1.0,-60240.44397459645
31,,CONDO,,"1840 Commonwealth Ave APT 4, Brighton, MA 02135",,516269.0,https://photos.zillowstatic.com/fp/d3120bc21d5f38489903547a2bc82cee-p_e.jpg,499000,2,,-71.15144,42.339622,FOR_SALE,59089763,3229.0,-1,2,908,USA,USD,,1.0,Open: Sun. 3-3:30pm,OPEN_HOUSE,1,1.0,,Apt 4,10.0,1.0,-112260.78537949
32,,CONDO,4356.0,"54 Green St #1, Jamaica Plain, MA 02130",,743883.0,https://photos.zillowstatic.com/fp/a636be7b385742e4a7fbfe26ab15fd17-p_e.jpg,719000,2,,-71.11088,42.31228,FOR_SALE,103864554,3300.0,-1,2,1045,USA,USD,sqft,1.0,Open: Sat. 12-1pm,OPEN_HOUSE,1,1.0,,# 1,11.0,1.0,76522.83973012771
33,,CONDO,1318.0,"210 Lincoln St #202, Boston, MA 02111",,,https://photos.zillowstatic.com/fp/05365f1c203415e311f7ec2d7f0c0e7f-p_e.jpg,950000,1,,-71.05855,42.35006,FOR_SALE,2063632946,,-1,1,1318,USA,USD,sqft,1.0,Open: Sat. 12-2pm,OPEN_HOUSE,1,1.0,,# 202,1.0,1.0,-306347.7492665169
34,,CONDO,,"42 8th St APT 2508, Charlestown, MA 02129",,899008.0,https://photos.zillowstatic.com/fp/195f59b302a91671778dcc7b0083f3a5-p_e.jpg,899000,2,,-71.05299,42.37524,FOR_SALE,67096455,4023.0,-1,2,1089,USA,USD,,1.0,Open: Sun. 11:30am-1:30pm,OPEN_HOUSE,1,1.0,,Apt 2508,5.0,1.0,-80851.7408465941
35,,CONDO,0.0,"39 A St UNIT 16, South Boston, MA 02127",,1089730.0,https://photos.zillowstatic.com/fp/36c0d4240c8671c5539ff5f3e29dbff8-p_e.jpg,1100000,2,,-71.05594,42.341297,FOR_SALE,318227323,4470.0,-1,2,1109,USA,USD,sqft,1.0,Open: Sat. 11am-12:30pm,OPEN_HOUSE,1,1.0,,Unit 16,1.0,1.0,175038.3701571906
36,,CONDO,,"7 Austin St APT 2, Hyde Park, MA 02136",,,https://photos.zillowstatic.com/fp/012f390231884ee56cd02f2332515a2c-p_e.jpg,599000,4,,-71.12624,42.25736,FOR_SALE,2058407987,,2,2,1400,USA,USD,,1.0,,,1,,,Apt 2,9.0,1.0,114714.02381267404
37,,CONDO,,"150 M St #1, South Boston, MA 02127",,829006.0,https://photos.zillowstatic.com/fp/5246a4a5fa424efffab3dcbc7d004164-p_e.jpg,829000,2,,-71.03305,42.33279,FOR_SALE,113390071,3599.0,-1,2,869,USA,USD,,1.0,Open: Sat. 3-4:30pm,OPEN_HOUSE,1,1.0,,# 1,1.0,1.0,284577.4546628832
38,,CONDO,,"33 Blenford Rd #2, Brighton, MA 02135",,,https://photos.zillowstatic.com/fp/7a535deb13b68d80e7cd7cb858b2ee82-p_e.jpg,789000,4,,-71.15101,42.344776,FOR_SALE,59090269,3800.0,-1,2,1655,USA,USD,,1.0,Open: Fri. 3-4:15pm,OPEN_HOUSE,1,1.0,,# 2,10.0,1.0,-127141.40362896654
39,,CONDO,1530.0,"15 Worcester Sq APT 1, Boston, MA 02118",,1274209.0,https://photos.zillowstatic.com/fp/30056431de34c12d634ceb5d8f5b6980-p_e.jpg,1299000,2,,-71.07542,42.337017,FOR_SALE,71504962,6410.0,-1,3,1530,USA,USD,sqft,1.0,Open: Sat. 12-1:30pm,OPEN_HOUSE,1,1.0,,Apt 1,4.0,1.0,-1440191.5308144204
0,,CONDO,,"8 Ashton St #3, Dorchester Center, MA 02124",,,https://photos.zillowstatic.com/fp/bc111e6eb33dd9adae3fbe1798636254-p_e.jpg,599999,3,,-71.0887,42.288326,FOR_SALE,2058275761,,-1,2,1215,USA,USD,,1.0,Open: Sat. 11am-12:30pm,OPEN_HOUSE,1,1.0,,# 3,6.0,1.0,71620.2216320734
1,,CONDO,,"31 Boardman St APT 2, Boston, MA 02128",,,https://photos.zillowstatic.com/fp/35305ac3ed9d32755485f565807e0c41-p_e.jpg,699990,2,,-71.00899,42.3881,FOR_SALE,2058275872,,-1,2,960,USA,USD,,1.0,Open: Sat. 11am-12:30pm,OPEN_HOUSE,1,1.0,,Apt 2,3.0,1.0,19339.97272873833
3,,CONDO,0.28131313131313,"340 W 2nd St #17, Boston, MA 02127",,1117243.0,https://photos.zillowstatic.com/fp/601ae1c0ae6efc66e59b41d5dc94e9f3-p_e.jpg,1199000,2,,-71.04675,42.33879,FOR_SALE,2079088161,4500.0,1,2,1241,USA,USD,acres,1.0,,,1,,,# 17,1.0,1.0,64741.87367905956
4,,CONDO,,"100 Main St APT 6, Charlestown, MA 02129",,1219007.0,https://photos.zillowstatic.com/fp/5f43b6cc9e98ea5e93aac2512c1a4cdc-p_e.jpg,1219000,2,,-71.06382,42.373924,FOR_SALE,59100036,4459.0,-1,2,1424,USA,USD,,1.0,Open: Sun. 1-2pm,OPEN_HOUSE,1,1.0,,Apt 6,5.0,1.0,-209704.42680217954
5,,CONDO,,"31 Boardman St #4, Boston, MA 02128",,,https://photos.zillowstatic.com/fp/35305ac3ed9d32755485f565807e0c41-p_e.jpg,749990,2,,-71.00907,42.388123,FOR_SALE,2058275873,,-1,2,940,USA,USD,,1.0,Open: Sat. 11am-12:30pm,OPEN_HOUSE,1,1.0,,# 4,3.0,1.0,73072.75835994899
6,,SINGLE_FAMILY,6750.0,"41 Wycliff Ave, West Roxbury, MA 02132",,715580.0,https://photos.zillowstatic.com/fp/66e9c6b3952834f699ab025d3bd0f5bc-p_e.jpg,695000,4,,-71.16907,42.276726,FOR_SALE,59159279,4200.0,-1,2,1648,USA,USD,sqft,1.0,Open: Sat. 12-2pm,OPEN_HOUSE,1,1.0,,,8.0,1.0,-102303.77084103669
7,,CONDO,,"33 Boardman St FLOOR 2, Boston, MA 02128",,,https://photos.zillowstatic.com/fp/35305ac3ed9d32755485f565807e0c41-p_e.jpg,649990,2,,-71.00905,42.38817,FOR_SALE,2058275765,,-1,2,960,USA,USD,,1.0,Open: Sat. 11am-12:30pm,OPEN_HOUSE,1,1.0,,Floor 2,3.0,1.0,-30660.02727126167
8,,MULTI_FAMILY,4941.0,"306 Talbot Ave, Dorchester, MA 02124",,954784.0,https://photos.zillowstatic.com/fp/8147694f10d791e8c0ca71537708b524-p_e.jpg,989900,7,,-71.07385,42.290962,FOR_SALE,59108510,4366.0,2,3,3847,USA,USD,sqft,1.0,,,1,,,,7.0,1.0,-144479.04151536198
9,,SINGLE_FAMILY,4946.0,"21 Glenhaven Rd, West Roxbury, MA 02132",,766894.0,https://photos.zillowstatic.com/fp/d899a121f233f7a3d3646e5ccc5e5243-p_e.jpg,749000,3,,-71.16347,42.271156,FOR_SALE,59159830,3476.0,-1,2,1402,USA,USD,sqft,1.0,Open: Sat. 12-1:30pm,OPEN_HOUSE,1,1.0,,,8.0,1.0,21493.23128630151
10,,CONDO,,"60 Sutherland Rd APT 3, Brighton, MA 02135",,527009.0,https://photos.zillowstatic.com/fp/315dd113e249e73805298ed1b6a916d9-p_e.jpg,500000,2,,-71.1499,42.338573,FOR_SALE,59093940,2356.0,-1,1,877,USA,USD,,1.0,Open: Sat. 1-3pm,OPEN_HOUSE,1,1.0,,Apt 3,10.0,1.0,-98608.44379216235
11,,CONDO,4876.0,"20-20 Glen Rd #3, Jamaica Plain, MA 02130",,,https://photos.zillowstatic.com/fp/650e2cdbc1ec0298be04ec7d03ac7fc8-p_e.jpg,525000,2,,-71.10354,42.309353,FOR_SALE,2058275551,,-1,1,878,USA,USD,sqft,1.0,Open: Sat. 1:30-3pm,OPEN_HOUSE,1,1.0,,# 3,11.0,1.0,-29005.272341527278
12,,MULTI_FAMILY,5573.0,"50 Perrin St, Roxbury, MA 02119",,1266666.0,https://photos.zillowstatic.com/fp/ecf6a2f5be5377bc292cc864573a53a2-p_e.jpg,1330000,8,,-71.07892,42.32169,FOR_SALE,59185817,5463.0,-1,7,4100,USA,USD,sqft,1.0,Open: Sun. 2-4pm,OPEN_HOUSE,1,1.0,,,2.0,1.0,50914.65352954995
13,,SINGLE_FAMILY,5734.0,"15 Caryll St, Mattapan, MA 02126",,538029.0,https://photos.zillowstatic.com/fp/4c934d538b0dae4237126f3317d1643a-p_e.jpg,529999,2,,-71.07693,42.27595,FOR_SALE,59136619,3354.0,-1,2,1236,USA,USD,sqft,1.0,Open: Fri. 4-6pm,OPEN_HOUSE,1,1.0,,,7.0,1.0,3229.7879888423486
14,,CONDO,820.0,"111 Gainsborough St UNIT 7, Boston, MA 02115",,774052.0,https://photos.zillowstatic.com/fp/ec4f859ea24d0e13db4cc159ef4a3137-p_e.jpg,789000,2,,-71.08954,42.342705,FOR_SALE,59177627,3499.0,-1,1,820,USA,USD,sqft,1.0,Open: Sat. 12-1:30pm,OPEN_HOUSE,1,1.0,,Unit 7,4.0,1.0,243035.558001881
15,,SINGLE_FAMILY,875.0,"13 Haynes St, East Boston, MA 02128",,969006.0,https://photos.zillowstatic.com/fp/17a0ccd780cd0c99edcec21e094fc24f-p_e.jpg,969000,3,,-71.03841,42.366737,FOR_SALE,59121318,4400.0,-1,3,1336,USA,USD,sqft,1.0,Open: Sat. 12-1:30pm,OPEN_HOUSE,1,1.0,,,3.0,1.0,218173.60286197672
16,,CONDO,743.0,"699 Hyde Park Ave APT 5, Roslindale, MA 02131",,408508.0,https://photos.zillowstatic.com/fp/1bedf4717d34b91de1e71fa19d1f2c4e-p_e.jpg,389000,2,,-71.12004,42.276474,FOR_SALE,71495300,2350.0,-1,1,743,USA,USD,sqft,1.0,Open: Fri. 6-7pm,OPEN_HOUSE,1,1.0,,Apt 5,12.0,1.0,-23454.11841191695
17,,CONDO,,"391 Hyde Park Ave APT 208, Roslindale, MA 02131",,,https://photos.zillowstatic.com/fp/1639158c555799c4f9ce6af9ab3834ac-p_e.jpg,495000,2,,-71.11926,42.287052,FOR_SALE,59141300,2618.0,8,2,1166,USA,USD,,1.0,,,1,,,Apt 208,12.0,1.0,-90353.52952765161
18,,CONDO,,"43 Wachusett St #2, Jamaica Plain, MA 02130",,625988.0,https://photos.zillowstatic.com/fp/e394113c982e983833da2e5b8facaaa0-p_e.jpg,599000,2,,-71.113365,42.29649,FOR_SALE,60112527,5394.0,-1,1,983,USA,USD,,1.0,Open: Sun. 12-1:30pm,OPEN_HOUSE,1,1.0,,# 2,12.0,1.0,88446.9249266733
19,,CONDO,1380.0,"603 Tremont St #4, Boston, MA 02118",,1630872.0,https://photos.zillowstatic.com/fp/e4cde495d459eed206a20254d2b08be8-p_e.jpg,1650000,3,,-71.07358,42.34319,FOR_SALE,59182615,6597.0,-1,2,1380,USA,USD,sqft,1.0,Open: Sun. 11:30am-1pm,OPEN_HOUSE,1,1.0,,# 4,4.0,1.0,-625833.6951490045
20,,MULTI_FAMILY,3250.0,"114 White St, East Boston, MA 02128",,1245000.0,https://photos.zillowstatic.com/fp/d2964eefb513506942be971c7a85c664-p_e.jpg,1299000,9,,-71.03236,42.380756,FOR_SALE,59121924,3945.0,-1,6,4068,USA,USD,sqft,1.0,Open: Sat. 1-3pm,OPEN_HOUSE,1,1.0,,,3.0,1.0,38275.085638592485
21,,CONDO,562.0,"169-171 Chelsea St UNIT 4, Boston, MA 02128",,,https://photos.zillowstatic.com/fp/84d4d3872466b77177334dc57bb1f71a-p_e.jpg,415000,1,,-71.03381,42.373837,FOR_SALE,2058275624,,-1,1,562,USA,USD,sqft,1.0,Open: Fri. 5-6pm,OPEN_HOUSE,1,1.0,,Unit 4,3.0,1.0,-191367.5932101683
22,,CONDO,,"99 Chestnut Hill Ave APT 321, Brighton, MA 02135",,814981.0,https://photos.zillowstatic.com/fp/0b6aa9d5b4f3469c201599a112c6eec7-p_e.jpg,799000,2,,-71.1538,42.344044,FOR_SALE,81853797,3249.0,-1,2,1132,USA,USD,,1.0,Open: Fri. 12-1pm,OPEN_HOUSE,1,1.0,,Apt 321,10.0,1.0,96315.84315078752
23,,CONDO,1272.0,"39 Coffey St UNIT 4, Boston, MA 02122",,669096.0,https://photos.zillowstatic.com/fp/e08d60dd67cc25c430e7d33c8e61425f-p_e.jpg,675000,2,,-71.04936,42.28861,FOR_SALE,120937506,3214.0,-1,2,1272,USA,USD,sqft,1.0,Open: Sat. 1-3pm,OPEN_HOUSE,1,1.0,,Unit 4,7.0,1.0,139853.1725686388
24,,CONDO,,"110 McBride St, Jamaica Plain, MA 02130",,859987.0,https://photos.zillowstatic.com/fp/20facbec45d5d5dcb11179179def130a-p_e.jpg,849000,2,,-71.111336,42.306347,FOR_SALE,118324413,3369.0,-1,2,1162,USA,USD,,1.0,Open: Sat. 11am-1pm,OPEN_HOUSE,1,1.0,,,11.0,1.0,144539.54100188613
25,,CONDO,940.0,"58 Percival St #2, Dorchester, MA 02122",,426185.0,https://photos.zillowstatic.com/fp/29cbf494171d9ea3b81c42fa5b3cb690-p_e.jpg,424900,2,,-71.063126,42.305626,FOR_SALE,71497242,2600.0,-1,1,940,USA,USD,sqft,1.0,Open: Sat. 12-2pm,OPEN_HOUSE,1,1.0,,# 2,2.0,1.0,-100781.44034672016
26,,CONDO,,"266 Bowen St #2, South Boston, MA 02127",,799000.0,https://photos.zillowstatic.com/fp/73b62f880477c7df163ab910a95a48b6-p_e.jpg,799000,2,,-71.04905,42.334892,FOR_SALE,247150660,3599.0,-1,2,946,USA,USD,,1.0,Open: Sat. 11am-1pm,OPEN_HOUSE,1,1.0,,# 2,1.0,1.0,132487.83171730698
27,,CONDO,6677.0,"300-302 Chestnut Ave #3, Jamaica Plain, MA 02130",,872558.0,https://photos.zillowstatic.com/fp/45ac99a9876053303037964e37b31212-p_e.jpg,859000,3,,-71.11014,42.31223,FOR_SALE,190073423,3614.0,-1,2,1154,USA,USD,sqft,1.0,Open: Sat. 1-2:30pm,OPEN_HOUSE,1,1.0,,# 3,11.0,1.0,158777.71527390264
28,,TOWNHOUSE,,"108 Main St APT 3, Charlestown, MA 02129",,1190006.0,https://photos.zillowstatic.com/fp/1b7f1f03d7e144110064d1ed1bedc20b-p_e.jpg,1190000,3,,-71.06373,42.374134,FOR_SALE,63041564,4429.0,1,2,1366,USA,USD,,1.0,,,1,,,Apt 3,5.0,1.0,-160992.61848748126
29,,SINGLE_FAMILY,6000.0,"16 Sturges Rd, West Roxbury, MA 02132",,899007.0,https://photos.zillowstatic.com/fp/616d7fd42180d31e9d11c349f9dead1b-p_e.jpg,899000,3,,-71.15501,42.280716,FOR_SALE,59157329,3499.0,-1,2,2160,USA,USD,sqft,1.0,Open: Sat. 12-1:30pm,OPEN_HOUSE,1,1.0,,,8.0,1.0,-43572.32811419619
30,,CONDO,1038.0,"560 E 6th St #2, South Boston, MA 02127",,639001.0,https://photos.zillowstatic.com/fp/1b70dc49b52e8a5473ce3427ffcf0fbf-p_e.jpg,639000,2,,-71.03827,42.3333,FOR_SALE,60112245,3317.0,-1,1,1038,USA,USD,sqft,1.0,Open: Fri. 5:30-7pm,OPEN_HOUSE,1,1.0,,# 2,1.0,1.0,-173385.48400987545
31,,CONDO,,"475 E 5th St UNIT 3, South Boston, MA 02127",,749002.0,https://photos.zillowstatic.com/fp/61f0ff6c299742e5a118df272cbb2bbe-p_e.jpg,749000,2,,-71.04185,42.33367,FOR_SALE,318225784,3200.0,-1,1,832,USA,USD,,1.0,Open: Sat. 11am-12:30pm,OPEN_HOUSE,1,1.0,,Unit 3,1.0,1.0,263243.896857511
32,,CONDO,911.0,"20 Farquhar St #3, Roslindale, MA 02131",,518087.0,https://photos.zillowstatic.com/fp/b941a7a99d9eba89ba44d91820f7e0ac-p_e.jpg,499000,2,,-71.135826,42.28922,FOR_SALE,71495315,2500.0,-1,1,911,USA,USD,sqft,1.0,Open: Sat. 1-2:30pm,OPEN_HOUSE,1,1.0,,# 3,12.0,1.0,17876.611925096193
33,,CONDO,,"280 E St #1, Boston, MA 02127",,,https://photos.zillowstatic.com/fp/3712351d9f7e5aa41f613484baf3b900-p_e.jpg,569000,2,,-71.050865,42.33663,FOR_SALE,2063631421,,-1,1,779,USA,USD,,1.0,Open: Sat. 10:30am-12:30pm,OPEN_HOUSE,1,1.0,,# 1,1.0,1.0,167279.6113525182
34,,MULTI_FAMILY,2543.0,"9 Wallingford Rd, Brighton, MA 02135",,1371922.0,https://photos.zillowstatic.com/fp/bcca01c7d6314e05a238f7c604202f96-p_e.jpg,1399000,5,,-71.15102,42.341522,FOR_SALE,59095304,5294.0,-1,4,2766,USA,USD,sqft,1.0,Open: Sat. 1-3pm,OPEN_HOUSE,1,1.0,,,10.0,1.0,29414.999483257765
36,,CONDO,665.0,"54 Appleton St #1, Boston, MA 02116",,725003.0,https://photos.zillowstatic.com/fp/8f157faf65940c1314bc3c3aebf658b3-p_e.jpg,725000,1,,-71.072235,42.345623,FOR_SALE,59175844,3200.0,-1,1,665,USA,USD,sqft,1.0,Open: Sat. 12-1:30pm,OPEN_HOUSE,1,1.0,,# 1,4.0,1.0,657838.6548561442
37,,CONDO,,"30 Cross St #2, Charlestown, MA 02129",,1135010.0,https://photos.zillowstatic.com/fp/6dda07e6d3d83a1e370e967eb73db425-p_e.jpg,1135000,2,,-71.06248,42.377235,FOR_SALE,90136249,3489.0,-1,2,1426,USA,USD,,1.0,Open: Fri. 12-1pm,OPEN_HOUSE,1,1.0,,# 2,5.0,1.0,-296384.1443302727
38,,CONDO,,"362 Commonwealth Ave APT 6F, Boston, MA 02115",,783090.0,https://photos.zillowstatic.com/fp/1403e7c1e31d2c55526b0d1ddfc48333-p_e.jpg,790000,1,,-71.08812,42.348724,FOR_SALE,59177354,3194.0,-1,1,701,USA,USD,,1.0,Open: Sat. 12-2pm,OPEN_HOUSE,1,1.0,,Apt 6F,4.0,1.0,611632.7742964444
39,,SINGLE_FAMILY,4001.0,"137-137A Lasell St, West Roxbury, MA 02132",,,https://photos.zillowstatic.com/fp/b75bff081375e5742c7f46cf7f143697-p_e.jpg,779000,4,,-71.1663,42.289295,FOR_SALE,2058283852,,-1,2,2436,USA,USD,sqft,1.0,Open: Sat. 11am-12:30pm,OPEN_HOUSE,1,1.0,,,8.0,1.0,-241881.15976925858
0,,CONDO,0.28131313131313,"340 W 2nd St #17, Boston, MA 02127",,1117243.0,https://photos.zillowstatic.com/fp/601ae1c0ae6efc66e59b41d5dc94e9f3-p_e.jpg,1199000,2,,-71.04675,42.33879,FOR_SALE,2079088161,4600.0,-1,2,1241,USA,USD,acres,1.0,Open: Sat. 11am-1pm,OPEN_HOUSE,1,1.0,,# 17,1.0,1.0,64741.87367905956
1,,SINGLE_FAMILY,6750.0,"41 Wycliff Ave, West Roxbury, MA 02132",,715580.0,https://photos.zillowstatic.com/fp/66e9c6b3952834f699ab025d3bd0f5bc-p_e.jpg,695000,4,,-71.16907,42.276726,FOR_SALE,59159279,4200.0,-1,2,1648,USA,USD,sqft,1.0,Open: Sat. 12-2pm,OPEN_HOUSE,1,1.0,,,8.0,1.0,-102303.77084103669
2,,SINGLE_FAMILY,6000.0,"16 Sturges Rd, West Roxbury, MA 02132",,899008.0,https://photos.zillowstatic.com/fp/616d7fd42180d31e9d11c349f9dead1b-p_e.jpg,899000,3,,-71.15501,42.280716,FOR_SALE,59157329,3499.0,-1,2,2160,USA,USD,sqft,1.0,Open: Sat. 12-1:30pm,OPEN_HOUSE,1,1.0,,,8.0,1.0,-43572.32811419619
3,,SINGLE_FAMILY,794.0,"17 Wall St, Charlestown, MA 02129",,1217683.0,https://photos.zillowstatic.com/fp/887b59cb7ebac5cd2f02944f606d08a8-p_e.jpg,1195000,3,,-71.06596,42.379917,FOR_SALE,59100628,4200.0,-1,2,1612,USA,USD,sqft,1.0,Open: Sat. 12-2pm,OPEN_HOUSE,1,1.0,,,5.0,1.0,-485597.87444292614
4,,SINGLE_FAMILY,503.0,"1 N Short St, Charlestown, MA 02129",,,https://photos.zillowstatic.com/fp/eceaa20001d35774a627bc16ce541741-p_e.jpg,699000,2,,-71.07038,42.38326,FOR_SALE,2058299407,,-1,1,810,USA,USD,sqft,1.0,Open: Sat. 11am-12pm,OPEN_HOUSE,1,1.0,,,5.0,1.0,92968.85432238597
5,,CONDO,1306.8,"1 Scott Pl #8, South Boston, MA 02127",,669900.0,https://photos.zillowstatic.com/fp/90dfded6d9b8c8bbea7f65352c20b2f4-p_e.jpg,669900,2,,-71.03179,42.334328,FOR_SALE,59148333,4459.0,-1,2,1318,USA,USD,sqft,1.0,Open: Sat. 12-1:30pm,OPEN_HOUSE,1,1.0,,# 8,1.0,1.0,-586447.7492665169
6,,SINGLE_FAMILY,5734.0,"15 Caryll St, Mattapan, MA 02126",,539011.0,https://photos.zillowstatic.com/fp/4c934d538b0dae4237126f3317d1643a-p_e.jpg,529999,2,,-71.07693,42.27595,FOR_SALE,59136619,3354.0,-1,2,1236,USA,USD,sqft,1.0,Open: Sat. 12-1:30pm,OPEN_HOUSE,1,1.0,,,7.0,1.0,3229.7879888423486
7,,SINGLE_FAMILY,875.0,"13 Haynes St, East Boston, MA 02128",,969006.0,https://photos.zillowstatic.com/fp/17a0ccd780cd0c99edcec21e094fc24f-p_e.jpg,969000,3,,-71.03841,42.366737,FOR_SALE,59121318,4400.0,-1,3,1336,USA,USD,sqft,1.0,Open: Sat. 12-1:30pm,OPEN_HOUSE,1,1.0,,,3.0,1.0,218173.60286197672
8,,MULTI_FAMILY,0.26014692378329,"21 Melville Ave, Dorchester, MA 02124",,,https://photos.zillowstatic.com/fp/56425d9980371e5161afe53c51063756-p_e.jpg,1250000,5,,-71.06896,42.293724,FOR_SALE,59107434,2582.0,-1,2,3415,USA,USD,acres,1.0,Open: Sat. 11:30am-1pm,OPEN_HOUSE,1,1.0,,,7.0,1.0,216152.34352708026
9,,CONDO,940.0,"58 Percival St #2, Dorchester, MA 02122",,426185.0,https://photos.zillowstatic.com/fp/29cbf494171d9ea3b81c42fa5b3cb690-p_e.jpg,424900,2,,-71.063126,42.305626,FOR_SALE,71497242,2600.0,-1,1,940,USA,USD,sqft,1.0,Open: Sat. 12-2pm,OPEN_HOUSE,1,1.0,,# 2,2.0,1.0,-100781.44034672016
10,,CONDO,,"2 Sutherland Rd APT 02, Brighton, MA 02135",,,https://photos.zillowstatic.com/fp/6a27a8082c25b2c90d1f2bc27fe80ad2-p_e.jpg,449000,2,,-71.150925,42.33661,FOR_SALE,2097755383,2300.0,-1,1,680,USA,USD,,1.0,Open: Sat. 1:30-3pm,OPEN_HOUSE,1,1.0,,Apt 02,10.0,1.0,-69204.85370495095
11,,SINGLE_FAMILY,6250.0,"847 E 5th St, South Boston, MA 02127",,3517705.0,https://photos.zillowstatic.com/fp/dd2b5a643aed0fa21782cccafe922eef-p_e.jpg,3700000,5,,-71.02638,42.33398,FOR_SALE,59149888,6754.0,-1,5,2677,USA,USD,sqft,1.0,Open: Sun. 12-2pm,OPEN_HOUSE,1,1.0,,,1.0,1.0,288849.68471999746
12,,MULTI_FAMILY,5573.0,"50 Perrin St, Roxbury, MA 02119",,1266666.0,https://photos.zillowstatic.com/fp/ecf6a2f5be5377bc292cc864573a53a2-p_e.jpg,1330000,8,,-71.07892,42.32169,FOR_SALE,59185817,5463.0,-1,7,4100,USA,USD,sqft,1.0,Open: Sun. 2-4pm,OPEN_HOUSE,1,1.0,,,2.0,1.0,50914.65352954995
13,,MULTI_FAMILY,3250.0,"114 White St, East Boston, MA 02128",,1235000.0,https://photos.zillowstatic.com/fp/d2964eefb513506942be971c7a85c664-p_e.jpg,1299000,9,,-71.03236,42.380756,FOR_SALE,59121924,3945.0,-1,6,4068,USA,USD,sqft,1.0,Open: Sat. 1-3pm,OPEN_HOUSE,1,1.0,,,3.0,1.0,38275.085638592485
14,,CONDO,1380.0,"603 Tremont St #4, Boston, MA 02118",,1630872.0,https://photos.zillowstatic.com/fp/e4cde495d459eed206a20254d2b08be8-p_e.jpg,1650000,3,,-71.07358,42.34319,FOR_SALE,59182615,6597.0,-1,2,1380,USA,USD,sqft,1.0,Open: Sun. 11:30am-1pm,OPEN_HOUSE,1,1.0,,# 4,4.0,1.0,-625833.6951490045
15,,SINGLE_FAMILY,1272.0,"42 Green St, Charlestown, MA 02129",,1934623.0,https://photos.zillowstatic.com/fp/5942bb535fb9667114163041585bca9d-p_e.jpg,2000000,3,,-71.06281,42.37716,FOR_SALE,59100936,7143.0,-1,5,2569,USA,USD,sqft,1.0,Open: Sun. 11:15am-12:45pm,OPEN_HOUSE,1,1.0,,,5.0,1.0,-962842.711635449
16,,SINGLE_FAMILY,3980.0,"96 Bernard St, Dorchester, MA 02124",,699987.0,https://photos.zillowstatic.com/fp/f0fc040a8ff373a6e4d00346d536707c-p_e.jpg,699900,5,,-71.07933,42.292667,FOR_SALE,59114095,4787.0,-1,2,2200,USA,USD,sqft,1.0,Open: Sun. 1-3pm,OPEN_HOUSE,1,1.0,,,7.0,1.0,-51203.136041051475
17,,CONDO,1040.0,"17 Woodside Ave #1, Jamaica Plain, MA 02130",,619798.0,https://photos.zillowstatic.com/fp/399375262ff96e19f6a3268ce2f1b827-p_e.jpg,599000,2,,-71.10317,42.309635,FOR_SALE,120922819,2650.0,-1,1,1040,USA,USD,sqft,1.0,Open: Sat. 12-1:30pm,OPEN_HOUSE,1,1.0,,# 1,11.0,1.0,-40828.3013498619
18,,TOWNHOUSE,,"140 Mount Vernon St APT 8, Boston, MA 02108",,2223849.0,https://photos.zillowstatic.com/fp/4a09a951697a7022090a6e4eecf6e49c-p_e.jpg,2299000,2,,-71.0711,42.35741,FOR_SALE,59212793,7259.0,1,2,1385,USA,USD,,1.0,,,1,,,Apt 8,5.0,1.0,922550.0649956348
19,,CONDO,,"43 Wachusett St #2, Jamaica Plain, MA 02130",,625988.0,https://photos.zillowstatic.com/fp/e394113c982e983833da2e5b8facaaa0-p_e.jpg,599000,2,,-71.113365,42.29649,FOR_SALE,60112527,5394.0,-1,1,983,USA,USD,,1.0,Open: Sun. 12-1:30pm,OPEN_HOUSE,1,1.0,,# 2,12.0,1.0,88446.9249266733
20,,CONDO,,"140 Shawmut Ave UNIT 7A, Boston, MA 02118",,,https://photos.zillowstatic.com/fp/22d5b3e2e8f71fda7f4a6905736a73a4-p_e.jpg,2999000,4,,-71.06589,42.345936,FOR_SALE,2079069975,12999.0,2,4,2596,USA,USD,,1.0,,,1,,,Unit 7A,4.0,1.0,-3033121.216276643
21,,SINGLE_FAMILY,1540.0,"156 W Brookline St, Boston, MA 02118",,5922326.0,https://photos.zillowstatic.com/fp/51110ce540033ae39301fd5be86c79c9-p_e.jpg,6395000,4,,-71.0759,42.342274,FOR_SALE,59182794,18558.0,2,5,3806,USA,USD,sqft,1.0,,,1,,,,4.0,1.0,-3374874.4239776637
22,,CONDO,,"113 Chestnut Ave #3, Boston, MA 02130",,711032.0,https://photos.zillowstatic.com/fp/a1be218075cf10fd1d7a705d0b5f8af3-p_e.jpg,699000,2,,-71.10545,42.319206,FOR_SALE,90138630,3200.0,-1,2,1000,USA,USD,,1.0,Open: Sat. 1-3pm,OPEN_HOUSE,1,1.0,,# 3,11.0,1.0,80362.57001022063
23,,CONDO,,"371-1 Metropolitan Ave, Roslindale, MA 02131",,,https://photos.zillowstatic.com/fp/14082ae46aa71a5d9ceefc03b731c791-p_e.jpg,579000,3,,-71.127205,42.277378,FOR_SALE,2058929329,,30,2,1173,USA,USD,,1.0,,,1,,,,12.0,1.0,-9214.749096942833
24,,MULTI_FAMILY,0.28776400367309,"43 Sprague St, Hyde Park, MA 02136",,526126.0,https://photos.zillowstatic.com/fp/4315a2e77d0c8355a9047e90d45b64fe-p_e.jpg,499900,3,,-71.13691,42.236237,FOR_SALE,59129339,4164.0,3,2,2105,USA,USD,acres,1.0,,,1,,,,9.0,1.0,-194761.9488498303
25,,CONDO,,"7 Austin St #3, Hyde Park, MA 02136",,,https://photos.zillowstatic.com/fp/fbf6cd5ce980aaba1635d2c60276a71c-p_e.jpg,449000,3,,-71.12624,42.25736,FOR_SALE,2058407988,,9,1,900,USA,USD,,1.0,,,1,,,# 3,9.0,1.0,113916.84130381187
26,,SINGLE_FAMILY,5181.0,"6 Menton St, Mattapan, MA 02126",,,https://photos.zillowstatic.com/fp/055022f0929aa9b4972e5127456e9954-p_e.jpg,1099900,4,,-71.078,42.272682,FOR_SALE,2058286020,,-1,3,3078,USA,USD,sqft,1.0,Open: Sat. 1:30-3:30pm,OPEN_HOUSE,1,1.0,,,7.0,1.0,144476.13232176285
27,,CONDO,,"1 Dalton St APT 4705, Boston, MA 02115",,4160869.0,https://photos.zillowstatic.com/fp/fb13a9e8e8d91368e842e888b784848a-p_e.jpg,4350000,2,,-71.08425,42.344948,FOR_SALE,333605769,15795.0,2,2,1288,USA,USD,,1.0,,,1,,,Apt 4705,4.0,1.0,2358359.1107257837
28,,CONDO,1256.0,"67 Walworth St #2, Roslindale, MA 02131",,548178.0,https://photos.zillowstatic.com/fp/da31efc1d9ae6c347b259926d0a441db-p_e.jpg,522000,3,,-71.13781,42.285206,FOR_SALE,63041798,2863.0,-1,1,1256,USA,USD,sqft,1.0,Open: Sat. 12-2pm,OPEN_HOUSE,1,1.0,,# 2,12.0,1.0,-100140.63827568037
29,,SINGLE_FAMILY,1393.0,"32 Concord St, Charlestown, MA 02129",,1383308.0,https://photos.zillowstatic.com/fp/3408b17295b3774511f04545b9abf517-p_e.jpg,1399000,3,,-71.06093,42.378056,FOR_SALE,59100974,6140.0,-1,3,2494,USA,USD,sqft,1.0,Open: Sun. 1-2:30pm,OPEN_HOUSE,1,1.0,,,5.0,1.0,-1463353.3043319597
31,,CONDO,,"391 Hyde Park Ave APT 208, Roslindale, MA 02131",,,https://photos.zillowstatic.com/fp/1639158c555799c4f9ce6af9ab3834ac-p_e.jpg,495000,2,,-71.11926,42.287052,FOR_SALE,59141300,2618.0,9,2,1166,USA,USD,,1.0,,,1,,,Apt 208,12.0,1.0,-90353.52952765161
32,,CONDO,820.0,"111 Gainsborough St UNIT 7, Boston, MA 02115",,774052.0,https://photos.zillowstatic.com/fp/ec4f859ea24d0e13db4cc159ef4a3137-p_e.jpg,789000,2,,-71.08954,42.342705,FOR_SALE,59177627,3499.0,-1,1,820,USA,USD,sqft,1.0,Open: Sat. 12-1:30pm,OPEN_HOUSE,1,1.0,,Unit 7,4.0,1.0,243035.558001881
33,,MULTI_FAMILY,4500.0,"55 Bernard St, Dorchester, MA 02124",,1070943.0,https://photos.zillowstatic.com/fp/fb71eee665d54bd2db2fd9d8255079c1-p_e.jpg,1100000,8,,-71.0802,42.293507,FOR_SALE,59102099,2470.0,-1,3,3300,USA,USD,sqft,1.0,Open: Sat. 12-2pm,OPEN_HOUSE,1,1.0,,,7.0,1.0,92914.17056384124
34,,CONDO,852.0,"141 South St #1, Jamaica Plain, MA 02130",,572364.0,https://photos.zillowstatic.com/fp/764c53e844e0daa47c5d9609ee0d1df5-p_e.jpg,545000,2,,-71.114876,42.30526,FOR_SALE,81859686,2695.0,-1,1,852,USA,USD,sqft,1.0,Open: Sat. 11am-1pm,OPEN_HOUSE,1,1.0,,# 1,11.0,1.0,4768.794042526395
35,,CONDO,,"31 Massachusetts Ave APT B2, Boston, MA 02115",,498066.0,https://photos.zillowstatic.com/fp/fef4daa77a9ad708668ddf8103a4d812-p_e.jpg,498000,1,,-71.089615,42.350266,FOR_SALE,59178538,2879.0,-1,1,480,USA,USD,,1.0,Open: Sat. 1-2pm,OPEN_HOUSE,1,1.0,,Apt B2,4.0,1.0,1002313.3188434904
36,,CONDO,1272.0,"39 Coffey St UNIT 4, Boston, MA 02122",,675000.0,https://photos.zillowstatic.com/fp/e08d60dd67cc25c430e7d33c8e61425f-p_e.jpg,675000,2,,-71.04936,42.28861,FOR_SALE,120937506,3214.0,-1,2,1272,USA,USD,sqft,1.0,Open: Sat. 1-3pm,OPEN_HOUSE,1,1.0,,Unit 4,7.0,1.0,139853.1725686388
37,,MULTI_FAMILY,3880.0,"104 Jamaica St, Jamaica Plain, MA 02130",,995009.0,https://photos.zillowstatic.com/fp/f8a43df192420577a90057095a675ce2-p_e.jpg,995000,6,,-71.11651,42.305805,FOR_SALE,59135176,4204.0,-1,2,1843,USA,USD,sqft,1.0,Open: Sun. 12:30-2pm,OPEN_HOUSE,1,1.0,,,11.0,1.0,-70235.04390352056
38,,CONDO,6677.0,"300-302 Chestnut Ave #3, Jamaica Plain, MA 02130",,872558.0,https://photos.zillowstatic.com/fp/45ac99a9876053303037964e37b31212-p_e.jpg,859000,3,,-71.11014,42.31223,FOR_SALE,190073423,3614.0,-1,2,1154,USA,USD,sqft,1.0,Open: Sat. 1-2:30pm,OPEN_HOUSE,1,1.0,,# 3,11.0,1.0,158777.71527390264
39,,SINGLE_FAMILY,689.0,"5 Smith Ct, Boston, MA 02114",,,https://photos.zillowstatic.com/fp/4a1349c329059e643983bcc7dbd947a4-p_e.jpg,2690000,3,,-71.06553,42.36012,FOR_SALE,2063630238,,4,2,1750,USA,USD,sqft,1.0,,,1,,,,5.0,1.0,824501.6161186537
0,,CONDO,962.0,"400-402 Blue Hill Ave UNIT B3, Dorchester, MA 02121",,279467.0,https://photos.zillowstatic.com/fp/63322693ad9e9c988bd823139e1626dc-p_e.jpg,279405,2,,-71.08106,42.311,FOR_SALE,2067560178,2999.0,3,2,962,USA,USD,sqft,1.0,,,1,,,Unit B3,2.0,1.0,-251521.65741467022
1,,MULTI_FAMILY,0.28776400367309,"43 Sprague St, Hyde Park, MA 02136",,525946.0,https://photos.zillowstatic.com/fp/4315a2e77d0c8355a9047e90d45b64fe-p_e.jpg,499900,3,,-71.13691,42.236237,FOR_SALE,59129339,3499.0,6,2,2105,USA,USD,acres,1.0,,,1,,,,9.0,1.0,-194761.9488498303
2,,CONDO,1060.0,"257 Northampton St #104, Boston, MA 02118",,,https://photos.zillowstatic.com/fp/3f4d62ecffc4197a4181e8c3be3da022-p_e.jpg,338226,1,,-71.08165,42.339527,FOR_SALE,2061732497,,15,1,1060,USA,USD,sqft,1.0,,,1,,,# 104,4.0,1.0,-949110.979062784
4,,SINGLE_FAMILY,6750.0,"41 Wycliff Ave, West Roxbury, MA 02132",,701984.0,https://photos.zillowstatic.com/fp/66e9c6b3952834f699ab025d3bd0f5bc-p_e.jpg,695000,4,,-71.16907,42.276726,FOR_SALE,59159279,4200.0,5,2,1648,USA,USD,sqft,1.0,,,1,,,,8.0,1.0,-102303.77084103669
5,,MULTI_FAMILY,8530.0,"240 Humboldt Ave, Boston, MA 02121",,775001.0,https://photos.zillowstatic.com/fp/640c78089f53b575870be155f5b157a8-p_e.jpg,775000,8,,-71.09043,42.311462,FOR_SALE,59161782,7800.0,6,4,3850,USA,USD,sqft,1.0,,,1,,,,2.0,1.0,-444480.6070619272
6,,CONDO,978.0,"6-8 Edwin St #3, Dorchester Center, MA 02124",,,https://photos.zillowstatic.com/fp/2ea3127d3f078d34c683a30db04edbe1-p_e.jpg,409000,3,,-71.06299,42.28896,FOR_SALE,2058199720,,1,1,978,USA,USD,sqft,1.0,,,1,,,# 3,7.0,1.0,-57729.634833032556
7,,SINGLE_FAMILY,3980.0,"96 Bernard St, Dorchester, MA 02124",,699906.0,https://photos.zillowstatic.com/fp/f0fc040a8ff373a6e4d00346d536707c-p_e.jpg,699900,5,,-71.07933,42.292667,FOR_SALE,59114095,4400.0,-1,2,2200,USA,USD,sqft,1.0,3D Tour,3D_HOME,1,,,,7.0,1.0,-51203.136041051475
8,,SINGLE_FAMILY,0.33608815426997,"36 Fremont St, Mattapan, MA 02126",,750005.0,https://photos.zillowstatic.com/fp/7cbbb157af021902784329e2918445df-p_e.jpg,750000,4,,-71.09179,42.271038,FOR_SALE,59138041,4200.0,1,3,2570,USA,USD,acres,1.0,,,1,,,,6.0,1.0,90881.61449351674
9,,CONDO,,"633 River St APT 3L, Mattapan, MA 02126",,399003.0,https://photos.zillowstatic.com/fp/6676e3b9c623bc435654a4de26555c96-p_e.jpg,399000,3,,-71.09912,42.265305,FOR_SALE,81380168,2878.0,-1,1,787,USA,USD,,1.0,3D Tour,3D_HOME,1,,,Apt 3L,6.0,1.0,-88082.43013523117
10,,SINGLE_FAMILY,503.0,"1 N Short St, Charlestown, MA 02129",,,https://photos.zillowstatic.com/fp/eceaa20001d35774a627bc16ce541741-p_e.jpg,699000,2,,-71.07038,42.38326,FOR_SALE,2058299407,,7,1,810,USA,USD,sqft,1.0,,,1,,,,5.0,1.0,92968.85432238597
11,,CONDO,934.0,"1986 Commonwealth Ave APT 9, Brighton, MA 02135",,619730.0,https://photos.zillowstatic.com/fp/0842224f21a57d0f3b43916384371fa4-p_e.jpg,599000,2,,-71.157875,42.33926,FOR_SALE,59095188,2900.0,4,1,934,USA,USD,sqft,1.0,,,1,,,Apt 9,10.0,1.0,-22872.426710797008
12,,CONDO,743.0,"699 Hyde Park Ave APT 5, Roslindale, MA 02131",,400114.0,https://photos.zillowstatic.com/fp/1bedf4717d34b91de1e71fa19d1f2c4e-p_e.jpg,389000,2,,-71.12004,42.276474,FOR_SALE,71495300,2350.0,5,1,743,USA,USD,sqft,1.0,,,1,,,Apt 5,12.0,1.0,-23454.11841191695
13,,SINGLE_FAMILY,5450.0,"411 Pond St, Jamaica Plain, MA 02130",,1195010.0,https://photos.zillowstatic.com/fp/67bacd5b8dd66f06e8ea630bf300b416-p_e.jpg,1195000,3,,-71.129845,42.30971,FOR_SALE,59135003,4495.0,6,3,2414,USA,USD,sqft,1.0,,,1,,,,12.0,1.0,99531.89583301754
14,,SINGLE_FAMILY,1546.0,"59 Hano St, Allston, MA 02134",,826317.0,https://photos.zillowstatic.com/fp/f4394fd7ce4d8bec360ca40f56137731-p_e.jpg,818000,3,,-71.13772,42.355335,FOR_SALE,59086909,4300.0,15,3,1496,USA,USD,sqft,1.0,,,1,,,,10.0,1.0,-33247.135487511754
15,,CONDO,,"473 Beacon St APT 9, Boston, MA 02115",,595003.0,https://photos.zillowstatic.com/fp/ac10591ade2d35cf90aedc5bd8fd82e2-p_e.jpg,595000,1,,-71.088615,42.350815,FOR_SALE,59169254,2896.0,-1,1,535,USA,USD,,1.0,Open: Tue. 3:30-4:30pm,OPEN_HOUSE,1,1.0,,Apt 9,4.0,1.0,929415.4457661714
16,,SINGLE_FAMILY,0.0,"167 W Brookline St, Boston, MA 02118",,6013375.0,https://photos.zillowstatic.com/fp/a35896cca1ca1d7ab5b460be8c88ad93-p_e.jpg,6325000,4,,-71.07575,42.34275,FOR_SALE,59182662,19585.0,1,4,4135,USA,USD,sqft,1.0,,,1,,,,4.0,1.0,-4461172.61020381
17,,CONDO,4876.0,"20-20 Glen Rd #3, Jamaica Plain, MA 02130",,,https://photos.zillowstatic.com/fp/650e2cdbc1ec0298be04ec7d03ac7fc8-p_e.jpg,525000,2,,-71.10354,42.309353,FOR_SALE,2058275551,,6,1,878,USA,USD,sqft,1.0,,,1,,,# 3,11.0,1.0,-29005.272341527278
18,,CONDO,828.0,"147-147 Centre St #151A, Roxbury, MA 02119",,,https://photos.zillowstatic.com/fp/f07060f39dbe64e27dac1b00d66542d5-p_e.jpg,429000,2,,-71.09679,42.326096,FOR_SALE,2058225827,,-1,1,828,USA,USD,sqft,1.0,Open: Sat. 12-1:30pm,OPEN_HOUSE,1,1.0,,# 151A,11.0,1.0,-98516.68314142409
19,,SINGLE_FAMILY,6000.0,"16 Sturges Rd, West Roxbury, MA 02132",,899008.0,https://photos.zillowstatic.com/fp/616d7fd42180d31e9d11c349f9dead1b-p_e.jpg,899000,3,,-71.15501,42.280716,FOR_SALE,59157329,3549.0,-1,2,2160,USA,USD,sqft,1.0,3D Tour,3D_HOME,1,,,,8.0,1.0,-43572.32811419619
20,,CONDO,2812.0,"305 Sumner St #1, East Boston, MA 02128",,619004.0,https://photos.zillowstatic.com/fp/f59088443de622c2f1fe95fe5db5abb9-p_e.jpg,619000,2,,-71.03664,42.367397,FOR_SALE,239892897,2700.0,-1,1,784,USA,USD,sqft,1.0,Open: Fri. 4:30-6pm,OPEN_HOUSE,1,1.0,,# 1,3.0,1.0,-28801.513716607355
21,,SINGLE_FAMILY,9323.0,"41 Messinger St, Mattapan, MA 02126",,510003.0,"https://maps.googleapis.com/maps/api/staticmap?mobile=false&sensor=true&maptype=satellite&size=575x242&zoom=17&center=42.27360153198242,-71.09923553466797&key=AIzaSyBJsNQO5ZeG-XAbqqWLKwG08fWITSxg33w&signature=N4m-G1Y_nzd-bTKIrbx-OlZ8PC8=",510000,3,,-71.099236,42.2736,FOR_SALE,59138155,3395.0,1,2,1008,USA,USD,sqft,,,,1,,,,6.0,1.0,1593.9881838677102
22,,CONDO,,"51 Revere St APT 2, Boston, MA 02114",,840426.0,https://photos.zillowstatic.com/fp/cdaeda5dcdb3db7686920597b8d0e1aa-p_e.jpg,855000,1,,-71.0683,42.359665,FOR_SALE,59173803,3499.0,3,1,857,USA,USD,,1.0,,,1,,,Apt 2,5.0,1.0,185995.4924121995
23,,CONDO,852.0,"141 South St #1, Jamaica Plain, MA 02130",,557954.0,https://photos.zillowstatic.com/fp/764c53e844e0daa47c5d9609ee0d1df5-p_e.jpg,545000,2,,-71.114876,42.30526,FOR_SALE,81859686,2695.0,7,1,852,USA,USD,sqft,1.0,,,1,,,# 1,11.0,1.0,4768.794042526395
24,,SINGLE_FAMILY,5181.0,"6 Menton St, Mattapan, MA 02126",,,https://photos.zillowstatic.com/fp/055022f0929aa9b4972e5127456e9954-p_e.jpg,1099900,4,,-71.078,42.272682,FOR_SALE,2058286020,,6,3,3078,USA,USD,sqft,1.0,,,1,,,,7.0,1.0,144476.13232176285
25,,CONDO,,"167 Beacon St APT 6, Boston, MA 02116",,688921.0,https://photos.zillowstatic.com/fp/15e8027f93a212b0467ee7516e4b7344-p_e.jpg,695000,1,,-71.075485,42.354343,FOR_SALE,59171980,2999.0,5,1,510,USA,USD,,1.0,,,1,,,Apt 6,5.0,1.0,490926.4835363431
26,,CONDO,,"12 Walnut St #1, Boston, MA 02108",,659000.0,https://photos.zillowstatic.com/fp/492084dada6d923b22d51ae004afd310-p_e.jpg,659000,1,,-71.06597,42.35795,FOR_SALE,59174424,3300.0,5,1,646,USA,USD,,1.0,,,1,,,# 1,5.0,1.0,272705.69162601593
27,,CONDO,0.0,"10 Linda Ln APT 2, Boston, MA 02125",,437503.0,https://photos.zillowstatic.com/fp/fa390c1bba0b1e4e8cdd3dbfd213b9b6-p_e.jpg,437500,2,,-71.05066,42.312096,FOR_SALE,59101936,2550.0,4,1,793,USA,USD,sqft,1.0,,,1,,,Apt 2,2.0,1.0,-53133.853574508685
28,,SINGLE_FAMILY,4946.0,"21 Glenhaven Rd, West Roxbury, MA 02132",,760821.0,https://photos.zillowstatic.com/fp/d899a121f233f7a3d3646e5ccc5e5243-p_e.jpg,749000,3,,-71.16347,42.271156,FOR_SALE,59159830,3476.0,-1,2,1402,USA,USD,sqft,1.0,3D Tour,3D_HOME,1,,,,8.0,1.0,21493.23128630151
29,,CONDO,940.0,"58 Percival St #2, Dorchester, MA 02122",,427244.0,https://photos.zillowstatic.com/fp/29cbf494171d9ea3b81c42fa5b3cb690-p_e.jpg,424900,2,,-71.063126,42.305626,FOR_SALE,71497242,2700.0,-1,1,940,USA,USD,sqft,1.0,3D Tour,3D_HOME,1,,,# 2,2.0,1.0,-100781.44034672016
30,,SINGLE_FAMILY,3913.0,"67 Williams Ave, Hyde Park, MA 02136",,493276.0,https://photos.zillowstatic.com/fp/a8fa2b8deb3b8d26bc4e0e437d2b9116-p_e.jpg,470000,3,,-71.118126,42.248753,FOR_SALE,59127522,2900.0,13,1,1554,USA,USD,sqft,1.0,,,1,,,,9.0,1.0,-60240.44397459645
31,,SINGLE_FAMILY,3997.0,"20 Edson St, Dorchester, MA 02124",45100,540376.0,https://photos.zillowstatic.com/fp/7bf1a20215919dd352fe432ec3388391-p_e.jpg,535000,6,,-71.07768,42.286964,FOR_SALE,59110558,4400.0,-1,2,2062,USA,USD,sqft,1.0,3D Tour,3D_HOME,1,,,,7.0,1.0,-183988.94359693816
32,,CONDO,,"1 Dalton St #5801/5802, Boston, MA 02115",,,https://photos.zillowstatic.com/fp/d8aa56a31f32c3673987267496b3b848-p_e.jpg,38000000,5,,-71.08425,42.344948,FOR_SALE,2061181865,,-1,8,7848,USA,USD,,1.0,3D Tour,3D_HOME,1,,,# 5801/5802,4.0,1.0,15744176.430958264
33,,CONDO,,"9 Hawthorne Pl APT 7N, Boston, MA 02114",,778117.0,https://photos.zillowstatic.com/fp/690eb45b9a0b73a502b6dea29fba936f-p_e.jpg,789000,2,,-71.06571,42.364014,FOR_SALE,59180219,5200.0,1,2,1313,USA,USD,,1.0,,,1,,,Apt 7N,5.0,1.0,-490980.10399301536
34,,TOWNHOUSE,,"145 Stoughton St UNIT 5, Boston, MA 02125",,975003.0,https://photos.zillowstatic.com/fp/3e42e369e938330c852b67516065eb69-p_e.jpg,975000,2,,-71.06066,42.314655,FOR_SALE,333606591,3099.0,-1,2,1462,USA,USD,,1.0,Open: Sat. 11am-12:30pm,OPEN_HOUSE,1,1.0,,Unit 5,2.0,1.0,324863.863768284
35,,CONDO,,"30 Cross St #2, Charlestown, MA 02129",,1158163.0,https://photos.zillowstatic.com/fp/6dda07e6d3d83a1e370e967eb73db425-p_e.jpg,1135000,2,,-71.06248,42.377235,FOR_SALE,90136249,3399.0,5,2,1426,USA,USD,,1.0,,,1,,,# 2,5.0,1.0,-296384.1443302727
36,,CONDO,9999.0,"1306 Columbia Rd APT 5A, South Boston, MA 02127",,850001.0,https://photos.zillowstatic.com/fp/d0c08cd1bede5b003890333fe3f1200c-p_e.jpg,850000,2,,-71.04692,42.33063,FOR_SALE,60112345,3949.0,13,2,1216,USA,USD,sqft,1.0,,,1,,,Apt 5A,1.0,1.0,-244618.6383515976
37,,SINGLE_FAMILY,6070.0,"49 Wellington Hill St, Mattapan, MA 02126",,650004.0,https://photos.zillowstatic.com/fp/f4140b4ed6849d01301e80e843b8d1f5-p_e.jpg,650000,7,,-71.0949,42.28077,FOR_SALE,59139345,4999.0,32,3,3409,USA,USD,sqft,1.0,,,1,,,,6.0,1.0,-90070.80645795865
38,,SINGLE_FAMILY,3600.0,"410 Beacon St, Boston, MA 02115",,14134545.0,https://photos.zillowstatic.com/fp/b04a4b6027a2d1524fbfdca76fc02910-p_e.jpg,14950000,7,,-71.086044,42.352097,FOR_SALE,59169626,56241.0,15,8,10255,USA,USD,sqft,1.0,,,1,,,,4.0,1.0,-14741172.305352777
39,,SINGLE_FAMILY,3300.0,"40 Grampian Way, Dorchester, MA 02125",,1468403.0,https://photos.zillowstatic.com/fp/aca35b7f2e65901d5d8e7c4c24da859b-p_e.jpg,1499000,4,,-71.050285,42.311867,FOR_SALE,59113324,3999.0,1,4,2611,USA,USD,sqft,1.0,,,1,,,,2.0,1.0,574920.4814467125
0,,CONDO,962.0,"400-402 Blue Hill Ave UNIT B3, Dorchester, MA 02121",,279467.0,https://photos.zillowstatic.com/fp/63322693ad9e9c988bd823139e1626dc-p_e.jpg,279405,2,,-71.08106,42.311,FOR_SALE,2067560178,2999.0,3,2,962,USA,USD,sqft,1.0,,,1,,,Unit B3,2.0,1.0,-251521.65741467022
1,,MULTI_FAMILY,0.28776400367309,"43 Sprague St, Hyde Park, MA 02136",,525946.0,https://photos.zillowstatic.com/fp/4315a2e77d0c8355a9047e90d45b64fe-p_e.jpg,499900,3,,-71.13691,42.236237,FOR_SALE,59129339,3499.0,6,2,2105,USA,USD,acres,1.0,,,1,,,,9.0,1.0,-194761.9488498303
2,,CONDO,1060.0,"257 Northampton St #104, Boston, MA 02118",,,https://photos.zillowstatic.com/fp/3f4d62ecffc4197a4181e8c3be3da022-p_e.jpg,338226,1,,-71.08165,42.339527,FOR_SALE,2061732497,,15,1,1060,USA,USD,sqft,1.0,,,1,,,# 104,4.0,1.0,-949110.979062784
4,,SINGLE_FAMILY,6750.0,"41 Wycliff Ave, West Roxbury, MA 02132",,701984.0,https://photos.zillowstatic.com/fp/66e9c6b3952834f699ab025d3bd0f5bc-p_e.jpg,695000,4,,-71.16907,42.276726,FOR_SALE,59159279,4200.0,5,2,1648,USA,USD,sqft,1.0,,,1,,,,8.0,1.0,-102303.77084103669
5,,MULTI_FAMILY,8530.0,"240 Humboldt Ave, Boston, MA 02121",,775001.0,https://photos.zillowstatic.com/fp/640c78089f53b575870be155f5b157a8-p_e.jpg,775000,8,,-71.09043,42.311462,FOR_SALE,59161782,7800.0,6,4,3850,USA,USD,sqft,1.0,,,1,,,,2.0,1.0,-444480.6070619272
6,,CONDO,978.0,"6-8 Edwin St #3, Dorchester Center, MA 02124",,,https://photos.zillowstatic.com/fp/2ea3127d3f078d34c683a30db04edbe1-p_e.jpg,409000,3,,-71.06299,42.28896,FOR_SALE,2058199720,,1,1,978,USA,USD,sqft,1.0,,,1,,,# 3,7.0,1.0,-57729.634833032556
7,,SINGLE_FAMILY,3980.0,"96 Bernard St, Dorchester, MA 02124",,699906.0,https://photos.zillowstatic.com/fp/f0fc040a8ff373a6e4d00346d536707c-p_e.jpg,699900,5,,-71.07933,42.292667,FOR_SALE,59114095,4400.0,-1,2,2200,USA,USD,sqft,1.0,3D Tour,3D_HOME,1,,,,7.0,1.0,-51203.136041051475
8,,SINGLE_FAMILY,0.33608815426997,"36 Fremont St, Mattapan, MA 02126",,750005.0,https://photos.zillowstatic.com/fp/7cbbb157af021902784329e2918445df-p_e.jpg,750000,4,,-71.09179,42.271038,FOR_SALE,59138041,4200.0,1,3,2570,USA,USD,acres,1.0,,,1,,,,6.0,1.0,90881.61449351674
9,,CONDO,,"633 River St APT 3L, Mattapan, MA 02126",,399003.0,https://photos.zillowstatic.com/fp/6676e3b9c623bc435654a4de26555c96-p_e.jpg,399000,3,,-71.09912,42.265305,FOR_SALE,81380168,2878.0,-1,1,787,USA,USD,,1.0,3D Tour,3D_HOME,1,,,Apt 3L,6.0,1.0,-88082.43013523117
10,,SINGLE_FAMILY,503.0,"1 N Short St, Charlestown, MA 02129",,,https://photos.zillowstatic.com/fp/eceaa20001d35774a627bc16ce541741-p_e.jpg,699000,2,,-71.07038,42.38326,FOR_SALE,2058299407,,7,1,810,USA,USD,sqft,1.0,,,1,,,,5.0,1.0,92968.85432238597
11,,CONDO,934.0,"1986 Commonwealth Ave APT 9, Brighton, MA 02135",,619730.0,https://photos.zillowstatic.com/fp/0842224f21a57d0f3b43916384371fa4-p_e.jpg,599000,2,,-71.157875,42.33926,FOR_SALE,59095188,2900.0,4,1,934,USA,USD,sqft,1.0,,,1,,,Apt 9,10.0,1.0,-22872.426710797008
12,,CONDO,743.0,"699 Hyde Park Ave APT 5, Roslindale, MA 02131",,400114.0,https://photos.zillowstatic.com/fp/1bedf4717d34b91de1e71fa19d1f2c4e-p_e.jpg,389000,2,,-71.12004,42.276474,FOR_SALE,71495300,2350.0,5,1,743,USA,USD,sqft,1.0,,,1,,,Apt 5,12.0,1.0,-23454.11841191695
13,,SINGLE_FAMILY,5450.0,"411 Pond St, Jamaica Plain, MA 02130",,1195010.0,https://photos.zillowstatic.com/fp/67bacd5b8dd66f06e8ea630bf300b416-p_e.jpg,1195000,3,,-71.129845,42.30971,FOR_SALE,59135003,4495.0,6,3,2414,USA,USD,sqft,1.0,,,1,,,,12.0,1.0,99531.89583301754
14,,SINGLE_FAMILY,1546.0,"59 Hano St, Allston, MA 02134",,826317.0,https://photos.zillowstatic.com/fp/f4394fd7ce4d8bec360ca40f56137731-p_e.jpg,818000,3,,-71.13772,42.355335,FOR_SALE,59086909,4300.0,15,3,1496,USA,USD,sqft,1.0,,,1,,,,10.0,1.0,-33247.135487511754
15,,CONDO,,"473 Beacon St APT 9, Boston, MA 02115",,595003.0,https://photos.zillowstatic.com/fp/ac10591ade2d35cf90aedc5bd8fd82e2-p_e.jpg,595000,1,,-71.088615,42.350815,FOR_SALE,59169254,2896.0,-1,1,535,USA,USD,,1.0,Open: Tue. 3:30-4:30pm,OPEN_HOUSE,1,1.0,,Apt 9,4.0,1.0,929415.4457661714
16,,SINGLE_FAMILY,0.0,"167 W Brookline St, Boston, MA 02118",,6013375.0,https://photos.zillowstatic.com/fp/a35896cca1ca1d7ab5b460be8c88ad93-p_e.jpg,6325000,4,,-71.07575,42.34275,FOR_SALE,59182662,19585.0,1,4,4135,USA,USD,sqft,1.0,,,1,,,,4.0,1.0,-4461172.61020381
17,,CONDO,4876.0,"20-20 Glen Rd #3, Jamaica Plain, MA 02130",,,https://photos.zillowstatic.com/fp/650e2cdbc1ec0298be04ec7d03ac7fc8-p_e.jpg,525000,2,,-71.10354,42.309353,FOR_SALE,2058275551,,6,1,878,USA,USD,sqft,1.0,,,1,,,# 3,11.0,1.0,-29005.272341527278
18,,CONDO,828.0,"147-147 Centre St #151A, Roxbury, MA 02119",,,https://photos.zillowstatic.com/fp/f07060f39dbe64e27dac1b00d66542d5-p_e.jpg,429000,2,,-71.09679,42.326096,FOR_SALE,2058225827,,-1,1,828,USA,USD,sqft,1.0,Open: Sat. 12-1:30pm,OPEN_HOUSE,1,1.0,,# 151A,11.0,1.0,-98516.68314142409
19,,SINGLE_FAMILY,6000.0,"16 Sturges Rd, West Roxbury, MA 02132",,899008.0,https://photos.zillowstatic.com/fp/616d7fd42180d31e9d11c349f9dead1b-p_e.jpg,899000,3,,-71.15501,42.280716,FOR_SALE,59157329,3549.0,-1,2,2160,USA,USD,sqft,1.0,3D Tour,3D_HOME,1,,,,8.0,1.0,-43572.32811419619
20,,CONDO,2812.0,"305 Sumner St #1, East Boston, MA 02128",,619004.0,https://photos.zillowstatic.com/fp/f59088443de622c2f1fe95fe5db5abb9-p_e.jpg,619000,2,,-71.03664,42.367397,FOR_SALE,239892897,2700.0,-1,1,784,USA,USD,sqft,1.0,Open: Fri. 4:30-6pm,OPEN_HOUSE,1,1.0,,# 1,3.0,1.0,-28801.513716607355
21,,SINGLE_FAMILY,9323.0,"41 Messinger St, Mattapan, MA 02126",,510003.0,"https://maps.googleapis.com/maps/api/staticmap?mobile=false&sensor=true&maptype=satellite&size=575x242&zoom=17&center=42.27360153198242,-71.09923553466797&key=AIzaSyBJsNQO5ZeG-XAbqqWLKwG08fWITSxg33w&signature=N4m-G1Y_nzd-bTKIrbx-OlZ8PC8=",510000,3,,-71.099236,42.2736,FOR_SALE,59138155,3395.0,1,2,1008,USA,USD,sqft,,,,1,,,,6.0,1.0,1593.9881838677102
22,,CONDO,,"51 Revere St APT 2, Boston, MA 02114",,840426.0,https://photos.zillowstatic.com/fp/cdaeda5dcdb3db7686920597b8d0e1aa-p_e.jpg,855000,1,,-71.0683,42.359665,FOR_SALE,59173803,3499.0,3,1,857,USA,USD,,1.0,,,1,,,Apt 2,5.0,1.0,185995.4924121995
23,,CONDO,852.0,"141 South St #1, Jamaica Plain, MA 02130",,557954.0,https://photos.zillowstatic.com/fp/764c53e844e0daa47c5d9609ee0d1df5-p_e.jpg,545000,2,,-71.114876,42.30526,FOR_SALE,81859686,2695.0,7,1,852,USA,USD,sqft,1.0,,,1,,,# 1,11.0,1.0,4768.794042526395
24,,SINGLE_FAMILY,5181.0,"6 Menton St, Mattapan, MA 02126",,,https://photos.zillowstatic.com/fp/055022f0929aa9b4972e5127456e9954-p_e.jpg,1099900,4,,-71.078,42.272682,FOR_SALE,2058286020,,6,3,3078,USA,USD,sqft,1.0,,,1,,,,7.0,1.0,144476.13232176285
25,,CONDO,,"167 Beacon St APT 6, Boston, MA 02116",,688921.0,https://photos.zillowstatic.com/fp/15e8027f93a212b0467ee7516e4b7344-p_e.jpg,695000,1,,-71.075485,42.354343,FOR_SALE,59171980,2999.0,5,1,510,USA,USD,,1.0,,,1,,,Apt 6,5.0,1.0,490926.4835363431
26,,CONDO,,"12 Walnut St #1, Boston, MA 02108",,659000.0,https://photos.zillowstatic.com/fp/492084dada6d923b22d51ae004afd310-p_e.jpg,659000,1,,-71.06597,42.35795,FOR_SALE,59174424,3300.0,5,1,646,USA,USD,,1.0,,,1,,,# 1,5.0,1.0,272705.69162601593
27,,CONDO,0.0,"10 Linda Ln APT 2, Boston, MA 02125",,437503.0,https://photos.zillowstatic.com/fp/fa390c1bba0b1e4e8cdd3dbfd213b9b6-p_e.jpg,437500,2,,-71.05066,42.312096,FOR_SALE,59101936,2550.0,4,1,793,USA,USD,sqft,1.0,,,1,,,Apt 2,2.0,1.0,-53133.853574508685
28,,SINGLE_FAMILY,4946.0,"21 Glenhaven Rd, West Roxbury, MA 02132",,760821.0,https://photos.zillowstatic.com/fp/d899a121f233f7a3d3646e5ccc5e5243-p_e.jpg,749000,3,,-71.16347,42.271156,FOR_SALE,59159830,3476.0,-1,2,1402,USA,USD,sqft,1.0,3D Tour,3D_HOME,1,,,,8.0,1.0,21493.23128630151
29,,CONDO,940.0,"58 Percival St #2, Dorchester, MA 02122",,427244.0,https://photos.zillowstatic.com/fp/29cbf494171d9ea3b81c42fa5b3cb690-p_e.jpg,424900,2,,-71.063126,42.305626,FOR_SALE,71497242,2700.0,-1,1,940,USA,USD,sqft,1.0,3D Tour,3D_HOME,1,,,# 2,2.0,1.0,-100781.44034672016
30,,SINGLE_FAMILY,3913.0,"67 Williams Ave, Hyde Park, MA 02136",,493276.0,https://photos.zillowstatic.com/fp/a8fa2b8deb3b8d26bc4e0e437d2b9116-p_e.jpg,470000,3,,-71.118126,42.248753,FOR_SALE,59127522,2900.0,13,1,1554,USA,USD,sqft,1.0,,,1,,,,9.0,1.0,-60240.44397459645
31,,SINGLE_FAMILY,3997.0,"20 Edson St, Dorchester, MA 02124",45100,540376.0,https://photos.zillowstatic.com/fp/7bf1a20215919dd352fe432ec3388391-p_e.jpg,535000,6,,-71.07768,42.286964,FOR_SALE,59110558,4400.0,-1,2,2062,USA,USD,sqft,1.0,3D Tour,3D_HOME,1,,,,7.0,1.0,-183988.94359693816
32,,CONDO,,"1 Dalton St #5801/5802, Boston, MA 02115",,,https://photos.zillowstatic.com/fp/d8aa56a31f32c3673987267496b3b848-p_e.jpg,38000000,5,,-71.08425,42.344948,FOR_SALE,2061181865,,-1,8,7848,USA,USD,,1.0,3D Tour,3D_HOME,1,,,# 5801/5802,4.0,1.0,15744176.430958264
33,,CONDO,,"9 Hawthorne Pl APT 7N, Boston, MA 02114",,778117.0,https://photos.zillowstatic.com/fp/690eb45b9a0b73a502b6dea29fba936f-p_e.jpg,789000,2,,-71.06571,42.364014,FOR_SALE,59180219,5200.0,1,2,1313,USA,USD,,1.0,,,1,,,Apt 7N,5.0,1.0,-490980.10399301536
34,,TOWNHOUSE,,"145 Stoughton St UNIT 5, Boston, MA 02125",,975003.0,https://photos.zillowstatic.com/fp/3e42e369e938330c852b67516065eb69-p_e.jpg,975000,2,,-71.06066,42.314655,FOR_SALE,333606591,3099.0,-1,2,1462,USA,USD,,1.0,Open: Sat. 11am-12:30pm,OPEN_HOUSE,1,1.0,,Unit 5,2.0,1.0,324863.863768284
35,,CONDO,,"30 Cross St #2, Charlestown, MA 02129",,1158163.0,https://photos.zillowstatic.com/fp/6dda07e6d3d83a1e370e967eb73db425-p_e.jpg,1135000,2,,-71.06248,42.377235,FOR_SALE,90136249,3399.0,5,2,1426,USA,USD,,1.0,,,1,,,# 2,5.0,1.0,-296384.1443302727
36,,CONDO,9999.0,"1306 Columbia Rd APT 5A, South Boston, MA 02127",,850001.0,https://photos.zillowstatic.com/fp/d0c08cd1bede5b003890333fe3f1200c-p_e.jpg,850000,2,,-71.04692,42.33063,FOR_SALE,60112345,3949.0,13,2,1216,USA,USD,sqft,1.0,,,1,,,Apt 5A,1.0,1.0,-244618.6383515976
37,,SINGLE_FAMILY,6070.0,"49 Wellington Hill St, Mattapan, MA 02126",,650004.0,https://photos.zillowstatic.com/fp/f4140b4ed6849d01301e80e843b8d1f5-p_e.jpg,650000,7,,-71.0949,42.28077,FOR_SALE,59139345,4999.0,32,3,3409,USA,USD,sqft,1.0,,,1,,,,6.0,1.0,-90070.80645795865
38,,SINGLE_FAMILY,3600.0,"410 Beacon St, Boston, MA 02115",,14134545.0,https://photos.zillowstatic.com/fp/b04a4b6027a2d1524fbfdca76fc02910-p_e.jpg,14950000,7,,-71.086044,42.352097,FOR_SALE,59169626,56241.0,15,8,10255,USA,USD,sqft,1.0,,,1,,,,4.0,1.0,-14741172.305352777
39,,SINGLE_FAMILY,3300.0,"40 Grampian Way, Dorchester, MA 02125",,1468403.0,https://photos.zillowstatic.com/fp/aca35b7f2e65901d5d8e7c4c24da859b-p_e.jpg,1499000,4,,-71.050285,42.311867,FOR_SALE,59113324,3999.0,1,4,2611,USA,USD,sqft,1.0,,,1,,,,2.0,1.0,574920.4814467125
0,,SINGLE_FAMILY,0.28409090909091,"29 Vermont St, West Roxbury, MA 02132",,1029276.0,https://photos.zillowstatic.com/fp/e0e0641500986916a5bafa8dc5a21df1-p_e.jpg,949900,3,,-71.16165,42.290424,FOR_SALE,59155857,3499.0,-1,2,1494,USA,USD,acres,1.0,Open: Fri. 4:30-6pm,OPEN_HOUSE,1,1.0,,,8.0,1.0,196290.28740128072
1,,SINGLE_FAMILY,5015.0,"20 Dale St, Roslindale, MA 02131",,981951.0,https://photos.zillowstatic.com/fp/a8b8b381bc990e0d7245b794857a9e82-p_e.jpg,949000,3,,-71.12709,42.27409,FOR_SALE,59147054,2429.0,-1,3,1941,USA,USD,sqft,1.0,Open: Sat. 12-1:30pm,OPEN_HOUSE,1,1.0,,,12.0,1.0,46868.589586545946
2,,SINGLE_FAMILY,7211.0,"19 Eastmont Rd, Hyde Park, MA 02136",,539892.0,https://photos.zillowstatic.com/fp/bf366b26c237fb12d227a76e4a2331b2-p_e.jpg,499900,3,,-71.14432,42.251373,FOR_SALE,59130186,3499.0,-1,1,1667,USA,USD,sqft,1.0,Open: Sat. 12-2pm,OPEN_HOUSE,1,1.0,,,9.0,1.0,-64060.28072759358
3,,SINGLE_FAMILY,6000.0,"5 Sunnyside St, Hyde Park, MA 02136",,732678.0,https://photos.zillowstatic.com/fp/905facdfa8ef598d1196759d852e007f-p_e.jpg,689000,3,,-71.13195,42.252533,FOR_SALE,59128026,3496.0,-1,3,2000,USA,USD,sqft,1.0,Open: Sat. 12-2pm,OPEN_HOUSE,1,1.0,,,9.0,1.0,25670.642823308706
4,,SINGLE_FAMILY,3068.0,"45 Sheridan St, Jamaica Plain, MA 02130",,827583.0,https://photos.zillowstatic.com/fp/ce9032e6d01ee8b7e12a38739f654738-p_e.jpg,799900,4,,-71.1077,42.320744,FOR_SALE,59131743,3599.0,-1,1,1953,USA,USD,sqft,1.0,Open: Thu. 11am-12pm,OPEN_HOUSE,1,1.0,,,11.0,1.0,-323609.9401437477
5,,SINGLE_FAMILY,4800.0,"16 Cotton St, Roslindale, MA 02131",,1526145.0,https://photos.zillowstatic.com/fp/23b89043fa44f24fec7f470087afb67b-p_e.jpg,1495000,4,,-71.12941,42.290836,FOR_SALE,59142195,2843.0,-1,4,2350,USA,USD,sqft,1.0,Open: Sat. 11am-12:30pm,OPEN_HOUSE,1,1.0,,,12.0,1.0,425691.61760939355
6,,MULTI_FAMILY,5459.0,"7 Grew Hill Rd, Roslindale, MA 02131",,830257.0,https://photos.zillowstatic.com/fp/bcf5648518b81eecf788aeed09eec6f9-p_e.jpg,795000,4,,-71.129326,42.27238,FOR_SALE,59146507,2692.0,1,2,1708,USA,USD,sqft,1.0,,,1,,,,12.0,1.0,-11893.673321335344
7,,SINGLE_FAMILY,0.27091368227732,"26 Vfw Pkwy, West Roxbury, MA 02132",,836003.0,https://photos.zillowstatic.com/fp/f37ff6538712ebe653499cb4118bac98-p_e.jpg,789000,3,,-71.13765,42.29552,FOR_SALE,59141645,3043.0,1,2,1456,USA,USD,acres,1.0,,,1,,,,12.0,1.0,85110.23117314489
8,,CONDO,1150.0,"39-41 Cranston St #1, Jamaica Plain, MA 02130",,,https://photos.zillowstatic.com/fp/49bbefb21a36fef339b7730ad1513c16-p_e.jpg,699000,2,,-71.10784,42.32021,FOR_SALE,2063008992,,-1,1,1150,USA,USD,sqft,1.0,Open: Sun. 12-2pm,OPEN_HOUSE,1,1.0,,# 1,11.0,1.0,896.8024099108297
9,,TOWNHOUSE,,"6 Warren Sq #2, Jamaica Plain, MA 02130",,1453499.0,https://photos.zillowstatic.com/fp/b64abf59874bf9fe2a8a422bdceea0e3-p_e.jpg,1425000,4,,-71.11181,42.313248,FOR_SALE,2080458534,5995.0,-1,4,2101,USA,USD,,1.0,Open: Sat. 12-1:30pm,OPEN_HOUSE,1,1.0,,# 2,11.0,1.0,223083.83582394663
10,,CONDO,,"70 Leo M Birmingham Pkwy APT 513, Brighton, MA 02135",,,https://photos.zillowstatic.com/fp/3347210cc607e872f4933b15b2bc88f8-p_e.jpg,625000,1,,-71.14701,42.359154,FOR_SALE,2058029357,,1,1,600,USA,USD,,1.0,,,1,,,Apt 513,10.0,1.0,139446.3503913785
11,,MULTI_FAMILY,4865.0,"31 Old Morton St, Mattapan, MA 02126",,504015.0,https://photos.zillowstatic.com/fp/e373290189a5b0ec68e3014f4a588c14-p_e.jpg,499000,4,,-71.07201,42.27377,FOR_SALE,59139043,2786.0,6,3,2138,USA,USD,sqft,1.0,,,1,,,,7.0,1.0,-237675.02059514553
12,,MULTI_FAMILY,8175.0,"148 Summit St, Hyde Park, MA 02136",,1315580.0,https://photos.zillowstatic.com/fp/0b5184bdd0dda7d9f95e5830e050b5c9-p_e.jpg,1250000,5,,-71.1169,42.247448,FOR_SALE,59127966,2942.0,-1,5,2523,USA,USD,sqft,1.0,Open: Thu. 12:30-2pm,OPEN_HOUSE,1,1.0,,,9.0,1.0,430604.4957275784
13,,MULTI_FAMILY,3464.0,"73 Mora St, Dorchester, MA 02124",,643760.0,https://photos.zillowstatic.com/fp/bbe57da2d206c5833171569697179541-p_e.jpg,639974,4,,-71.074585,42.282047,FOR_SALE,59118841,2388.0,-1,2,2325,USA,USD,sqft,1.0,Open: Sat. 12-1:30pm,OPEN_HOUSE,1,1.0,,,7.0,1.0,-140218.0784723137
14,,SINGLE_FAMILY,1806.0,"17 W Cedar St, Boston, MA 02108",,5952079.0,https://photos.zillowstatic.com/fp/02f9568cd47fd2f05a54235f456720a3-p_e.jpg,6350000,4,,-71.069466,42.358337,FOR_SALE,59173495,23150.0,1,5,3824,USA,USD,sqft,1.0,,,1,,,,5.0,1.0,1705634.5394861633
15,,TOWNHOUSE,,"67 Victoria Heights Rd #67, Hyde Park, MA 02136",,,https://photos.zillowstatic.com/fp/612733f423579795164a273d098f037a-p_e.jpg,437500,3,,-71.112686,42.270565,FOR_SALE,2058041930,,-1,3,1985,USA,USD,,1.0,Open: Sun. 12-2pm,OPEN_HOUSE,1,1.0,,# 67,12.0,1.0,-482616.2191347125
16,,CONDO,,"71 Perkins St #3, Jamaica Plain, MA 02130",,,https://photos.zillowstatic.com/fp/3fd007aee40bf8dcef5ec4929776b860-p_e.jpg,575000,1,,-71.11345,42.321667,FOR_SALE,2058023552,,-1,1,1082,USA,USD,,1.0,Open: Sat. 12-1:30pm,OPEN_HOUSE,1,1.0,,# 3,11.0,1.0,-87078.7162779487
17,,TOWNHOUSE,,"287 Shawmut Ave #1, Boston, MA 02118",,1771216.0,https://photos.zillowstatic.com/fp/922385d9e5d49d789fba908822750719-p_e.jpg,1799000,2,,-71.06974,42.342888,FOR_SALE,246887032,7704.0,1,3,1445,USA,USD,,1.0,,,1,,,# 1,4.0,1.0,-677622.0906040184
18,,CONDO,,"1241-1255 Adams St #PM306, Dorchester Center, MA 02124",,,https://photos.zillowstatic.com/fp/9dd5097ce541f9fa47f7d83a391ab428-p_e.jpg,699900,2,,-71.07009,42.271107,FOR_SALE,2058023553,,-1,1,1082,USA,USD,,1.0,Open: Sat. 1-3pm,OPEN_HOUSE,1,1.0,,# PM306,7.0,1.0,208968.3650641573
19,,SINGLE_FAMILY,4716.0,"45 Salman St, West Roxbury, MA 02132",,820726.0,https://photos.zillowstatic.com/fp/d55ae71fdb2b42d69736e821958df527-p_e.jpg,784900,4,,-71.16574,42.264988,FOR_SALE,59160540,4500.0,-1,2,1464,USA,USD,sqft,1.0,Open: Sat. 12-2pm,OPEN_HOUSE,1,1.0,,,8.0,1.0,39802.1169290049
22,,CONDO,600.0,"108 Gainsborough St APT 4W, Boston, MA 02115",,599199.0,https://photos.zillowstatic.com/fp/ffff83b89b7d74a548bd2a89db30c770-p_e.jpg,599000,1,,-71.08967,42.342316,FOR_SALE,59177786,2767.0,1,1,600,USA,USD,sqft,1.0,,,1,,,Apt 4W,4.0,1.0,732627.050311158
23,,CONDO,,"1 Dalton St #5801/5802, Boston, MA 02115",,,https://photos.zillowstatic.com/fp/d8aa56a31f32c3673987267496b3b848-p_e.jpg,38000000,5,,-71.08425,42.344948,FOR_SALE,2061181865,,-1,8,7848,USA,USD,,1.0,3D Tour,3D_HOME,1,,,# 5801/5802,4.0,1.0,15744176.430958264
24,,CONDO,,"4 Anawan Ave #7, West Roxbury, MA 02132",,,https://photos.zillowstatic.com/fp/135901e5034c56e6116289e36cbd730a-p_e.jpg,645000,2,,-71.14647,42.285748,FOR_SALE,2058026361,,-1,2,973,USA,USD,,1.0,Open: Sat. 11am-12pm,OPEN_HOUSE,1,1.0,,# 7,8.0,1.0,39212.393532757415
25,,CONDO,1117.0,"2 Rollins St APT D501, Boston, MA 02118",,1136696.0,https://photos.zillowstatic.com/fp/a5f78dd5da72ad41f4dcd2ed49f3c692-p_e.jpg,1149000,2,,-71.067764,42.341522,FOR_SALE,63709209,4440.0,-1,2,1117,USA,USD,sqft,1.0,Open: Sat. 12-2pm,OPEN_HOUSE,1,1.0,,Apt D501,4.0,1.0,-314412.9566156422
26,,CONDO,,"201 W Brookline St UNIT 202, Boston, MA 02118",,2401438.0,https://photos.zillowstatic.com/fp/cb0fe4f20d51c9e09f7bd7f50ca255dd-p_e.jpg,2495000,3,,-71.07657,42.343605,FOR_SALE,318225464,14037.0,1,4,2458,USA,USD,,1.0,,,1,,,Unit 202,4.0,1.0,-3110832.00746446
27,,CONDO,1654.0,"407-409 Shawmut Ave #8, Boston, MA 02118",,2342819.0,https://photos.zillowstatic.com/fp/2afa4babc8af7401aaf6be6b664835cc-p_e.jpg,2395000,2,,-71.07378,42.340458,FOR_SALE,190073276,9156.0,1,2,1654,USA,USD,sqft,1.0,,,1,,,# 8,4.0,1.0,-727234.0082978308
28,,CONDO,,"135 Seaport Blvd #2001, Boston, MA 02210",,2483000.0,https://photos.zillowstatic.com/fp/6876803b90ff929a2632995f230072c5-p_e.jpg,2495000,2,,-71.04365,42.350513,FOR_SALE,2077218293,10000.0,1,3,1317,USA,USD,,1.0,,,1,,,# 2001,1.0,1.0,1240237.8302522567
29,,CONDO,,"56 Winship St #202, Brighton, MA 02135",,,https://photos.zillowstatic.com/fp/6d7733043c3fa9ad687ebd8b234aeef1-p_e.jpg,999000,2,,-71.151825,42.34641,FOR_SALE,2058030393,,1,2,1235,USA,USD,,1.0,,,1,,,# 202,10.0,1.0,254277.41787676327
31,,MULTI_FAMILY,2500.0,"724 Saratoga St, East Boston, MA 02128",,999901.0,https://photos.zillowstatic.com/fp/839a2773ab0aaef9572226aa92104db7-p_e.jpg,999900,11,,-71.01853,42.38348,FOR_SALE,59124542,3901.0,3,4,3561,USA,USD,sqft,1.0,,,1,,,,3.0,1.0,-166198.798610216
32,,SINGLE_FAMILY,3600.0,"15 Thurlow St, West Roxbury, MA 02132",-111000,999124.0,https://photos.zillowstatic.com/fp/c572e5d8cea2e6bedaef960551c6694d-p_e.jpg,999000,5,,-71.16439,42.285267,FOR_SALE,59156994,5500.0,-1,3,2245,USA,USD,sqft,1.0,3D Tour,3D_HOME,1,,,,8.0,1.0,32310.82155725197
33,,SINGLE_FAMILY,4813.0,"102 Rockland St, Dedham, MA 02026",,620833.0,https://photos.zillowstatic.com/fp/20149936cc111826e85ed1fa8f3063fb-p_e.jpg,600000,3,,-71.15649,42.256115,FOR_SALE,61317879,3399.0,6,2,1408,USA,USD,sqft,1.0,,,1,,,,9.0,1.0,113326.77873281582
34,,SINGLE_FAMILY,5181.0,"6 Menton St, Mattapan, MA 02126",,,https://photos.zillowstatic.com/fp/055022f0929aa9b4972e5127456e9954-p_e.jpg,1099900,4,,-71.078,42.272682,FOR_SALE,2058286020,,21,3,3078,USA,USD,sqft,1.0,,,1,,,,7.0,1.0,144476.13232176285
35,,SINGLE_FAMILY,3997.0,"20 Edson St, Dorchester, MA 02124",-35100,507906.0,https://photos.zillowstatic.com/fp/7bf1a20215919dd352fe432ec3388391-p_e.jpg,499900,6,,-71.07768,42.286964,FOR_SALE,59110558,4929.0,-1,2,2062,USA,USD,sqft,1.0,3D Tour,3D_HOME,1,,,,7.0,1.0,-219088.94359693816
36,,SINGLE_FAMILY,6250.0,"847 E 5th St, South Boston, MA 02127",,3595079.0,https://photos.zillowstatic.com/fp/dd2b5a643aed0fa21782cccafe922eef-p_e.jpg,3700000,5,,-71.02638,42.33398,FOR_SALE,59149888,6686.0,20,5,2677,USA,USD,sqft,1.0,,,1,,,,1.0,1.0,288849.68471999746
37,,CONDO,,"2 W 6th St UNIT 308, South Boston, MA 02127",,769900.0,https://photos.zillowstatic.com/fp/d5ed269616f2f88df777c64eff4f8ed7-p_e.jpg,769900,1,,-71.056274,42.339165,FOR_SALE,295324470,3218.0,1,1,1062,USA,USD,,1.0,,,1,,,Unit 308,1.0,1.0,-80539.39246044471
38,,CONDO,1302.0,"63 Maverick Sq #6, East Boston, MA 02128",,585005.0,https://photos.zillowstatic.com/fp/c68bca6044c9b76bc63da78d3043a90e-p_e.jpg,585000,1,,-71.03869,42.369648,FOR_SALE,59121497,2744.0,-1,1,1302,USA,USD,sqft,1.0,Open: Wed. 5-6pm,OPEN_HOUSE,1,1.0,,# 6,3.0,1.0,-159480.66156496503
39,,SINGLE_FAMILY,0.29839302112029,"59 Cricket Ln, West Roxbury, MA 02132",,948074.0,https://photos.zillowstatic.com/fp/44865ef2d3e2a53b1d9f343633cac196-p_e.jpg,875000,3,,-71.16433,42.295853,FOR_SALE,59154567,3499.0,5,3,1780,USA,USD,acres,1.0,,,1,,,,8.0,1.0,40244.179236976895
